from,to,value,,
SAV1,MST1,1,,
RASSF1,MST1,1,,
NF2,MST1,1,,
MST1,MST1,1,,
TAOK,MST1,1,,
SAV1,MST2,1,,
RASSF1,MST2,1,,
MST2,MST2,1,,
NF2,MST2,1,,
TAOK,MST2,1,,
LATS1,TAZ,-1,,
LATS2,TAZ,-1,,
14-3-3,TAZ,-1,,
TEAD,TAZ,1,,
LATS1,YAP1,-1,,
LATS2,YAP1,-1,,
14-3-3,YAP1,-1,,
YAP1,YAP1_TEAD,1,,
TEAD,YAP1_TEAD,1,,
YAP1,YAP1_P73,1,,
RASSF1,YAP1_P73,1,,
MST2,BRAF,1,,
AKT,MST2,-1,,
YAP1,IRS1/2(g),1,,
IRS1/2(g),IRS1/2,1,,
mTORC2,YAP1,1,,
TGFB,TGFBR1,1,,
TGFBR2,TGFBR1,1,,
TGFBR1,TGFBR2,1,,
TGFBR1,SMAD,1,,
SMAD,YAP1_SMAD,1,,
YAP1,YAP1_SMAD,1,,
SMAD,SMAD7(g),1,,
SMAD7(g),SMAD7,1,,
SMAD7,TGFBR1,-1,,
SMAD7,SMURF,1,,
SMURF,TGFBR1,-1,,
SMURF,TGFBR2,-1,,
TGFBR1,CABL,-1,,
CABL,YAP1_P73,1,,
CABL,YAP1_SMAD,-1,,
INS,INSR,1,,
INSR,IRS1/2,1,,
IRS1/2,PI3K,1,,
PI3K,"1-phosphatidyl-1D-myo-inositol 3,4,5-trisphosphate",1,,
"1-phosphatidyl-1D-myo-inositol 3,4,5-trisphosphate",PDK1,1,,
"1-phosphatidyl-1D-myo-inositol 3,4,5-trisphosphate",mTORC2,1,,
AKT,mTORC2,1,,
PDK1,AKT,1,,
mTORC2,AKT,1,,
AKT,IRS1/2,-1,,
AKT,FOXO,-1,,
AKT,TSC1/TSC2,-1,,
AKT,GSK3B,-1,,
PTEN,"1-phosphatidyl-1D-myo-inositol 3,4,5-trisphosphate",-1,,
TSC1/TSC2,RHEB,-1,,
RHEB,mTORC1,1,,
mTORC1,EIF4EBP1,-1,,
S6K1,mTORC1,1,,
mTORC1,S6K1,1,,
AMPK,TSC1/TSC2,1,,
mTORC1,PRAS40,-1,,
S6K1,IRS1/2,-1,,
S6K1,S6,1,,
S6K1,mTORC2,-1,,
PRAS40,mTORC1,-1,,
EIF4EBP1,PTEN(g),-1,,
PTEN(g),PTEN,1,,
mTORC1,DEPTOR,-1,,
mTORC2,DEPTOR,-1,,
DEPTOR,mTORC1,-1,,
DEPTOR,mTORC2,-1,,
FOXO,ERBB3(g),1,,
ERBB3(g),ERBB3,1,,
"1-phosphatidyl-1D-myo-inositol 3,4,5-trisphosphate",Gab1,1,,
"1-phosphatidyl-1D-myo-inositol 3,4,5-trisphosphate",Gab2,1,,
"1-phosphatidyl-1D-myo-inositol 3,4,5-trisphosphate",PDK1,1,,
AKT,Gab2,-1,,
AKT,mTORC1,1,,
AKT,RAF,-1,,
Cbl,FGFR4,-1,,
Cbl,FRS2,-1,,
ERBB3,Grb2,1,,
ERK,FRS2,-1,,
ERK,Gab1,-1,,
ERK,Gab2,-1,,
ERK,SPRY2(g),1,,
SPRY2(g),SPRY2,1,,
FGF,FGFR4,1,,
FGFR4,FRS2,1,,
FRS2,Grb2,1,,
Gab1,PI3K,1,,
Gab2,PI3K,1,,
Grb2,Cbl,1,,
Grb2,Gab1,1,,
Grb2,Gab2,1,,
Grb2,Shp2,1,,
Grb2,SOS,1,,
HRG,ERBB3,1,,
IGF,IGF1R,1,,
IGF1R,IRS1/2,1,,
IRS1/2,Grb2,1,,
IRS1/2,PI3K,1,,
MEK,ERK,1,,
mTORC1,RPS6KB1,1,,
PDK1,AKT,1,,
PI3K,"1-phosphatidyl-1D-myo-inositol 3,4,5-trisphosphate",1,,
PTEN,"1-phosphatidyl-1D-myo-inositol 3,4,5-trisphosphate",-1,,
RAF,MEK,1,,
RAS,PI3K,1,,
RAS,RAF,1,,
S6K1,IRS1/2,-1,,
Shp2,RAS,1,,
SOS,RAS,1,,
SPRY2,FRS2,-1,,
SPRY2,RAF,-1,,
