PATHWAY_ID	PATHWAY_NAME	ENTITYA	TYPEA	IDA	DATABASEA	ENTITYB	TYPEB	IDB	DATABASEB	EFFECT	MECHANISM	RESIDUE	SEQUENCE	TAX_ID	CELL_DATA	TISSUE_DATA	MODULATOR_COMPLEX	TARGET_COMPLEX	MODIFICATIONA	MODASEQ	MODIFICATIONB	MODBSEQ	PMID	DIRECT	NOTES	ANNOTATOR	SENTENCE	SCORE	SIGNOR_ID
SIGNOR-IS	Integrin Signalling	CDKN1B	protein	P46527	UNIPROT	CyclinE/CDK2	complex	SIGNOR-C16	SIGNOR	down-regulates activity	binding			9606									17409098	YES		lperfetto	P27, an important cell cycle regulator, blocks the g(1)/s transition in cells by binding and inhibiting cdk2/cyclin a and cdk2/cyclin e complexes (cdk2/e).	0.3123	SIGNOR-217505
SIGNOR-IS	Integrin Signalling	WWTR1	protein	Q9GZV5	UNIPROT	Apoptosis	phenotype	SIGNOR-PH2	SIGNOR	down-regulates				9606									23075495	NO		gcesareni	Yap and taz are two main downstream effectors of the hippo pathway, and they function as transcription co-activators to promote cell proliferation and inhibit apoptosis.	0.3586	SIGNOR-199208
SIGNOR-IS	Integrin Signalling	FOXO3	protein	O43524	UNIPROT	Apoptosis	phenotype	SIGNOR-PH2	SIGNOR	up-regulates				9606	BTO:0000007								14976264	NO		lperfetto	Sirt1 inhibited foxo3's ability to induce cell death.	0.5525	SIGNOR-217887
SIGNOR-IS	Integrin Signalling	WWTR1	protein	Q9GZV5	UNIPROT	Proliferation	phenotype	SIGNOR-PH4	SIGNOR	up-regulates				9606									23075495	NO		gcesareni	Yap and taz are two main downstream effectors of the hippo pathway, and they function as transcription co-activators to promote cell proliferation and inhibit apoptosis.	0.5249	SIGNOR-199211
SIGNOR-IS	Integrin Signalling	MEK1/2	proteinfamily	SIGNOR-PF25	SIGNOR	ERK1/2	proteinfamily	SIGNOR-PF1	SIGNOR	up-regulates	phosphorylation			9606									11971971	YES		lperfetto	Mapk1 is phosphorylated by map2k1/mek1 and map2k2/mek2 on thr-185 and tyr-187 in response to external stimuli like insulin or ngf. Both phosphorylations are required for activity.	0.4482	SIGNOR-244776
SIGNOR-IS	Integrin Signalling	ELK1	protein	P19419	UNIPROT	Cell_growth	phenotype	SIGNOR-PH33	SIGNOR	up-regulates				9606									23426362	NO		lperfetto	AR required ELK1 to up-regulate a major subset of its target genes that was strongly and primarily enriched for cell growth functions	0.337	SIGNOR-233471
SIGNOR-IS	Integrin Signalling	SRC	protein	P12931	UNIPROT	LATS1/2	proteinfamily	SIGNOR-PF43	SIGNOR	down-regulates activity	phosphorylation			9606									30889378	YES		miannu	SRC can directly phosphorylate and inhibit LATS	0.2197	SIGNOR-259056
SIGNOR-IS	Integrin Signalling	ITGB4	protein	P16144	UNIPROT	PI3K	complex	SIGNOR-C156	SIGNOR	up-regulates	binding			9606									9428518	YES		gcesareni	Stable expression of alpha6beta4 increased carcinoma invasion in a pi3k-dependent manner, and transient expression of a constitutively active pi3k increased invasion in the absence of alpha6beta4. Ligation of alpha6beta4 stimulated significantly more pi3k activity than ligation of beta1 integrins, establishing specificity among integrins for pi3k activation.	0.2197	SIGNOR-252697
SIGNOR-IS	Integrin Signalling	A6/b4 integrin	complex	SIGNOR-C174	SIGNOR	PI3K	complex	SIGNOR-C156	SIGNOR	up-regulates activity	binding			9606									9428518	YES		miannu	Stable expression of alpha6beta4 increased carcinoma invasion in a pi3k-dependent manner, and transient expression of a constitutively active pi3k increased invasion in the absence of alpha6beta4. Ligation of alpha6beta4 stimulated significantly more pi3k activity than ligation of beta1 integrins, establishing specificity among integrins for pi3k activation.	0.2197	SIGNOR-259033
SIGNOR-IS	Integrin Signalling	RTKs	proteinfamily	SIGNOR-PF38	SIGNOR	PI3K	complex	SIGNOR-C156	SIGNOR	up-regulates activity	binding			9606									17306385	YES		miannu	Another phospholipid modifying signaling pathway activated by RTKs is the PI3K pathway. This heterodimeric enzyme comprises two subunits, the p85 regulatory subunit harboring two SH2 domains, and the p110 catalytic subunit. PI3K activation may be achieved by binding of its p85 regulatory subunit to an activated receptor. Alternatively, RTK signaling may activate the small G protein Ras, which in turn recruits PI3K to the plasma membrane and induces a stimulatory conformational change in the lipid kinase	0.2753	SIGNOR-256166
SIGNOR-IS	Integrin Signalling	TLN1	protein	Q9Y490	UNIPROT	A1/b1 integrin	complex	SIGNOR-C159	SIGNOR	up-regulates activity	binding			10090	BTO:0000132								19118207	YES		miannu	Over the past 10 years, the binding of talin to the cytoplasmic tail of integrin-β subunits has been established to have a key role in integrin activation. Binding of the phosphotyrosinebinding (PTB)-domain-like subdomain of the protein 4.1, ezrin, radixin, moesin (FERM) domain of talin to the conserved WxxxNP(I/L)Y motif of the β-integrin tail permits additional weaker interactions between talin and the membrane-proximal region of the tail that trigger integrin activation, probably through the disruption of inhibitory interactions between α- and β-subunit cytoplasmic tails.	0.2197	SIGNOR-257608
SIGNOR-IS	Integrin Signalling	DOK1	protein	Q99704	UNIPROT	A1/b1 integrin	complex	SIGNOR-C159	SIGNOR	down-regulates activity	binding			9606									19118207	YES		miannu	Integrins also bind to many PTBdomain-containing proteins (Calderwood et al., 2003) – including Dok1 and integrincytoplasmic-domain-associated protein 1 (ICAP1) – and these can compete with talin for binding to integrin and so can impair activation	0.2197	SIGNOR-257670
SIGNOR-IS	Integrin Signalling	ITGB1BP1	protein	O14713	UNIPROT	A1/b1 integrin	complex	SIGNOR-C159	SIGNOR	down-regulates activity	binding			9606									19118207	YES		miannu	Integrins also bind to many PTBdomain-containing proteins (Calderwood et al., 2003) – including Dok1 and integrincytoplasmic-domain-associated protein 1 (ICAP1) – and these can compete with talin for binding to integrin and so can impair activation	0.2197	SIGNOR-257639
SIGNOR-IS	Integrin Signalling	ECM	stimulus	SIGNOR-ST20	SIGNOR	A1/b1 integrin	complex	SIGNOR-C159	SIGNOR	up-regulates				9606									30889378	YES		miannu	Upon binding to the extracellular matrix (ECM), the integrins organize the cytoskeleton and activate intracellular signaling, regulating complex cellular behaviors, including survival, proliferation, migration, and various cell fate transitions	0.2197	SIGNOR-259035
SIGNOR-IS	Integrin Signalling	Kindlin	proteinfamily	SIGNOR-PF48	SIGNOR	A1/b1 integrin	complex	SIGNOR-C159	SIGNOR	up-regulates activity	binding			9606									29544897	YES		miannu	Kindlins bind with β-integrin cytoplasmic tails and execute broad biological functions including directed cell migration, proliferation, differentiation and survival.	0.2197	SIGNOR-259000
SIGNOR-IS	Integrin Signalling	TLN1	protein	Q9Y490	UNIPROT	A6/b1 integrin	complex	SIGNOR-C164	SIGNOR	up-regulates activity	binding			10090	BTO:0000132								19118207	YES		miannu	Over the past 10 years, the binding of talin to the cytoplasmic tail of integrin-β subunits has been established to have a key role in integrin activation. Binding of the phosphotyrosinebinding (PTB)-domain-like subdomain of the protein 4.1, ezrin, radixin, moesin (FERM) domain of talin to the conserved WxxxNP(I/L)Y motif of the β-integrin tail permits additional weaker interactions between talin and the membrane-proximal region of the tail that trigger integrin activation, probably through the disruption of inhibitory interactions between α- and β-subunit cytoplasmic tails.	0.2197	SIGNOR-257613
SIGNOR-IS	Integrin Signalling	DOK1	protein	Q99704	UNIPROT	A6/b1 integrin	complex	SIGNOR-C164	SIGNOR	down-regulates activity	binding			9606									19118207	YES		miannu	Integrins also bind to many PTBdomain-containing proteins (Calderwood et al., 2003) – including Dok1 and integrincytoplasmic-domain-associated protein 1 (ICAP1) – and these can compete with talin for binding to integrin and so can impair activation	0.2197	SIGNOR-257675
SIGNOR-IS	Integrin Signalling	ITGB1BP1	protein	O14713	UNIPROT	A6/b1 integrin	complex	SIGNOR-C164	SIGNOR	down-regulates activity	binding			9606									19118207	YES		miannu	Integrins also bind to many PTBdomain-containing proteins (Calderwood et al., 2003) – including Dok1 and integrincytoplasmic-domain-associated protein 1 (ICAP1) – and these can compete with talin for binding to integrin and so can impair activation	0.2197	SIGNOR-257644
SIGNOR-IS	Integrin Signalling	ECM	stimulus	SIGNOR-ST20	SIGNOR	A6/b1 integrin	complex	SIGNOR-C164	SIGNOR	up-regulates				9606									30889378	YES		miannu	Upon binding to the extracellular matrix (ECM), the integrins organize the cytoskeleton and activate intracellular signaling, regulating complex cellular behaviors, including survival, proliferation, migration, and various cell fate transitions	0.2197	SIGNOR-259037
SIGNOR-IS	Integrin Signalling	Kindlin	proteinfamily	SIGNOR-PF48	SIGNOR	A6/b1 integrin	complex	SIGNOR-C164	SIGNOR	up-regulates activity	binding			9606									29544897	YES		miannu	Kindlins bind with β-integrin cytoplasmic tails and execute broad biological functions including directed cell migration, proliferation, differentiation and survival.	0.2197	SIGNOR-259018
SIGNOR-IS	Integrin Signalling	TLN1	protein	Q9Y490	UNIPROT	Av/b3 integrin	complex	SIGNOR-C177	SIGNOR	up-regulates activity	binding			10090	BTO:0000132								19118207	YES		miannu	Over the past 10 years, the binding of talin to the cytoplasmic tail of integrin-β subunits has been established to have a key role in integrin activation. Binding of the phosphotyrosinebinding (PTB)-domain-like subdomain of the protein 4.1, ezrin, radixin, moesin (FERM) domain of talin to the conserved WxxxNP(I/L)Y motif of the β-integrin tail permits additional weaker interactions between talin and the membrane-proximal region of the tail that trigger integrin activation, probably through the disruption of inhibitory interactions between α- and β-subunit cytoplasmic tails.	0.2197	SIGNOR-257626
SIGNOR-IS	Integrin Signalling	DOK1	protein	Q99704	UNIPROT	Av/b3 integrin	complex	SIGNOR-C177	SIGNOR	down-regulates activity	binding			9606									19118207	YES		miannu	Integrins also bind to many PTBdomain-containing proteins (Calderwood et al., 2003) – including Dok1 and integrincytoplasmic-domain-associated protein 1 (ICAP1) – and these can compete with talin for binding to integrin and so can impair activation	0.2197	SIGNOR-257688
SIGNOR-IS	Integrin Signalling	ITGB1BP1	protein	O14713	UNIPROT	Av/b3 integrin	complex	SIGNOR-C177	SIGNOR	down-regulates activity	binding			9606									19118207	YES		miannu	Integrins also bind to many PTBdomain-containing proteins (Calderwood et al., 2003) – including Dok1 and integrincytoplasmic-domain-associated protein 1 (ICAP1) – and these can compete with talin for binding to integrin and so can impair activation	0.2197	SIGNOR-257657
SIGNOR-IS	Integrin Signalling	ECM	stimulus	SIGNOR-ST20	SIGNOR	Av/b3 integrin	complex	SIGNOR-C177	SIGNOR	up-regulates				9606									30889378	YES		miannu	Upon binding to the extracellular matrix (ECM), the integrins organize the cytoskeleton and activate intracellular signaling, regulating complex cellular behaviors, including survival, proliferation, migration, and various cell fate transitions	0.2197	SIGNOR-259036
SIGNOR-IS	Integrin Signalling	Kindlin	proteinfamily	SIGNOR-PF48	SIGNOR	Av/b3 integrin	complex	SIGNOR-C177	SIGNOR	up-regulates activity	binding			9606									29544897	YES		miannu	Kindlins bind with β-integrin cytoplasmic tails and execute broad biological functions including directed cell migration, proliferation, differentiation and survival.	0.2197	SIGNOR-259001
SIGNOR-IS	Integrin Signalling	TLN1	protein	Q9Y490	UNIPROT	A6/b4 integrin	complex	SIGNOR-C174	SIGNOR	up-regulates activity	binding			10090	BTO:0000132								19118207	YES		miannu	Over the past 10 years, the binding of talin to the cytoplasmic tail of integrin-β subunits has been established to have a key role in integrin activation. Binding of the phosphotyrosinebinding (PTB)-domain-like subdomain of the protein 4.1, ezrin, radixin, moesin (FERM) domain of talin to the conserved WxxxNP(I/L)Y motif of the β-integrin tail permits additional weaker interactions between talin and the membrane-proximal region of the tail that trigger integrin activation, probably through the disruption of inhibitory interactions between α- and β-subunit cytoplasmic tails.	0.2197	SIGNOR-257628
SIGNOR-IS	Integrin Signalling	DOK1	protein	Q99704	UNIPROT	A6/b4 integrin	complex	SIGNOR-C174	SIGNOR	down-regulates activity	binding			9606									19118207	YES		miannu	Integrins also bind to many PTBdomain-containing proteins (Calderwood et al., 2003) – including Dok1 and integrincytoplasmic-domain-associated protein 1 (ICAP1) – and these can compete with talin for binding to integrin and so can impair activation	0.2197	SIGNOR-257690
SIGNOR-IS	Integrin Signalling	ITGB1BP1	protein	O14713	UNIPROT	A6/b4 integrin	complex	SIGNOR-C174	SIGNOR	down-regulates activity	binding			9606									19118207	YES		miannu	Integrins also bind to many PTBdomain-containing proteins (Calderwood et al., 2003) – including Dok1 and integrincytoplasmic-domain-associated protein 1 (ICAP1) – and these can compete with talin for binding to integrin and so can impair activation	0.2197	SIGNOR-257659
SIGNOR-IS	Integrin Signalling	ECM	stimulus	SIGNOR-ST20	SIGNOR	A6/b4 integrin	complex	SIGNOR-C174	SIGNOR	up-regulates				9606									30889378	YES		miannu	Upon binding to the extracellular matrix (ECM), the integrins organize the cytoskeleton and activate intracellular signaling, regulating complex cellular behaviors, including survival, proliferation, migration, and various cell fate transitions	0.2197	SIGNOR-259034
SIGNOR-IS	Integrin Signalling	Kindlin	proteinfamily	SIGNOR-PF48	SIGNOR	A6/b4 integrin	complex	SIGNOR-C174	SIGNOR	up-regulates activity	binding			9606									29544897	YES		miannu	Kindlins bind with β-integrin cytoplasmic tails and execute broad biological functions including directed cell migration, proliferation, differentiation and survival.	0.2197	SIGNOR-259004
SIGNOR-IS	Integrin Signalling	RTKs	proteinfamily	SIGNOR-PF38	SIGNOR	A6/b4 integrin	complex	SIGNOR-C174	SIGNOR	up-regulates activity	phosphorylation			9606									30889378	YES		miannu	The RTKs in turn induce phosphorylation of focal adhesion kinase (FAK) or the signaling domain of the b4 integrin. These elements recruit distinct subsets of signaling enzymes and adaptors, refining the specificity of individual partner RTKs.	0.2197	SIGNOR-259032
SIGNOR-IS	Integrin Signalling	SRC	protein	P12931	UNIPROT	PTK2	protein	Q05397	UNIPROT	up-regulates	phosphorylation	Tyr861	PIGNQHIyQPVGKPD	9606									15735019	YES		miannu	Surprisingly, we found that expression of SrcMF or Src251 resulted in increased tyrosine phosphorylation of FAK on Tyr(407), Tyr(576), Tyr(577), and Tyr(861), which are considered to be Src kinase substrates	0.7988	SIGNOR-150492
SIGNOR-IS	Integrin Signalling	SRC	protein	P12931	UNIPROT	PTK2	protein	Q05397	UNIPROT	up-regulates	phosphorylation	Tyr576	RYMEDSTyYKASKGK	9606									15735019	YES		miannu	Surprisingly, we found that expression of SrcMF or Src251 resulted in increased tyrosine phosphorylation of FAK on Tyr(407), Tyr(576), Tyr(577), and Tyr(861), which are considered to be Src kinase substrates	0.7988	SIGNOR-150484
SIGNOR-IS	Integrin Signalling	SRC	protein	P12931	UNIPROT	PTK2	protein	Q05397	UNIPROT	up-regulates	phosphorylation	Tyr577	YMEDSTYyKASKGKL	9606									15735019	YES		miannu	Surprisingly, we found that expression of SrcMF or Src251 resulted in increased tyrosine phosphorylation of FAK on Tyr(407), Tyr(576), Tyr(577), and Tyr(861), which are considered to be Src kinase substrates	0.7988	SIGNOR-134212
SIGNOR-IS	Integrin Signalling	SRC	protein	P12931	UNIPROT	PTK2	protein	Q05397	UNIPROT	up-regulates	phosphorylation	Tyr407	IIDEEDTyTMPSTRD	9606									15735019	YES		miannu	Surprisingly, we found that expression of SrcMF or Src251 resulted in increased tyrosine phosphorylation of FAK on Tyr(407), Tyr(576), Tyr(577), and Tyr(861), which are considered to be Src kinase substrates	0.7988	SIGNOR-150480
SIGNOR-IS	Integrin Signalling	SRC	protein	P12931	UNIPROT	PTK2	protein	Q05397	UNIPROT	up-regulates	phosphorylation	Tyr397	SVSETDDyAEIIDEE	9606									15735019	YES		miannu	Surprisingly, we found that expression of SrcMF or Src251 resulted in increased tyrosine phosphorylation of FAK on Tyr(407), Tyr(576), Tyr(577), and Tyr(861), which are considered to be Src kinase substrates	0.7988	SIGNOR-150476
SIGNOR-IS	Integrin Signalling	ITGB3	protein	P05106	UNIPROT	PTK2	protein	Q05397	UNIPROT	up-regulates activity				9606									15688067	NO		miannu	Focal adhesion kinase (FAK) is activated by growth factors and integrins during migration, and functions as a receptor-proximal regulator of cell motility. At contacts between cells and the extracellular matrix, FAK functions as an adaptor protein to recruit other focal contact proteins or their regulators, which affects the assembly or disassembly of focal contacts. Whereas it was first hypothesized that FAK might bind directly to the cytoplasmic tails of integrins, accumulated evidence supports an indirect association of FAK with integrins through binding to integrin-associated proteins such as paxillin and talin.	0.3956	SIGNOR-257718
SIGNOR-IS	Integrin Signalling	ITGB1	protein	P05556	UNIPROT	PTK2	protein	Q05397	UNIPROT	up-regulates activity				9606									15688067	NO		miannu	Focal adhesion kinase (FAK) is activated by growth factors and integrins during migration, and functions as a receptor-proximal regulator of cell motility. At contacts between cells and the extracellular matrix, FAK functions as an adaptor protein to recruit other focal contact proteins or their regulators, which affects the assembly or disassembly of focal contacts. Whereas it was first hypothesized that FAK might bind directly to the cytoplasmic tails of integrins, accumulated evidence supports an indirect association of FAK with integrins through binding to integrin-associated proteins such as paxillin and talin.	0.303	SIGNOR-257700
SIGNOR-IS	Integrin Signalling	ITGB4	protein	P16144	UNIPROT	PTK2	protein	Q05397	UNIPROT	up-regulates activity				9606									15688067	NO		miannu	Focal adhesion kinase (FAK) is activated by growth factors and integrins during migration, and functions as a receptor-proximal regulator of cell motility. At contacts between cells and the extracellular matrix, FAK functions as an adaptor protein to recruit other focal contact proteins or their regulators, which affects the assembly or disassembly of focal contacts. Whereas it was first hypothesized that FAK might bind directly to the cytoplasmic tails of integrins, accumulated evidence supports an indirect association of FAK with integrins through binding to integrin-associated proteins such as paxillin and talin.	0.303	SIGNOR-257720
SIGNOR-IS	Integrin Signalling	A6/b4 integrin	complex	SIGNOR-C174	SIGNOR	PTK2	protein	Q05397	UNIPROT	up-regulates activity				9606									15688067	NO		miannu	Focal adhesion kinase (FAK) is activated by growth factors and integrins during migration, and functions as a receptor-proximal regulator of cell motility. At contacts between cells and the extracellular matrix, FAK functions as an adaptor protein to recruit other focal contact proteins or their regulators, which affects the assembly or disassembly of focal contacts. Whereas it was first hypothesized that FAK might bind directly to the cytoplasmic tails of integrins, accumulated evidence supports an indirect association of FAK with integrins through binding to integrin-associated proteins such as paxillin and talin.	0.2197	SIGNOR-257721
SIGNOR-IS	Integrin Signalling	Av/b3 integrin	complex	SIGNOR-C177	SIGNOR	PTK2	protein	Q05397	UNIPROT	up-regulates activity				9606									15688067	NO		miannu	Focal adhesion kinase (FAK) is activated by growth factors and integrins during migration, and functions as a receptor-proximal regulator of cell motility. At contacts between cells and the extracellular matrix, FAK functions as an adaptor protein to recruit other focal contact proteins or their regulators, which affects the assembly or disassembly of focal contacts. Whereas it was first hypothesized that FAK might bind directly to the cytoplasmic tails of integrins, accumulated evidence supports an indirect association of FAK with integrins through binding to integrin-associated proteins such as paxillin and talin.	0.2197	SIGNOR-257719
SIGNOR-IS	Integrin Signalling	A6/b1 integrin	complex	SIGNOR-C164	SIGNOR	PTK2	protein	Q05397	UNIPROT	up-regulates activity				9606									15688067	NO		miannu	Focal adhesion kinase (FAK) is activated by growth factors and integrins during migration, and functions as a receptor-proximal regulator of cell motility. At contacts between cells and the extracellular matrix, FAK functions as an adaptor protein to recruit other focal contact proteins or their regulators, which affects the assembly or disassembly of focal contacts. Whereas it was first hypothesized that FAK might bind directly to the cytoplasmic tails of integrins, accumulated evidence supports an indirect association of FAK with integrins through binding to integrin-associated proteins such as paxillin and talin.	0.2197	SIGNOR-257706
SIGNOR-IS	Integrin Signalling	A1/b1 integrin	complex	SIGNOR-C159	SIGNOR	PTK2	protein	Q05397	UNIPROT	up-regulates activity				9606									15688067	NO		miannu	Focal adhesion kinase (FAK) is activated by growth factors and integrins during migration, and functions as a receptor-proximal regulator of cell motility. At contacts between cells and the extracellular matrix, FAK functions as an adaptor protein to recruit other focal contact proteins or their regulators, which affects the assembly or disassembly of focal contacts. Whereas it was first hypothesized that FAK might bind directly to the cytoplasmic tails of integrins, accumulated evidence supports an indirect association of FAK with integrins through binding to integrin-associated proteins such as paxillin and talin.	0.2197	SIGNOR-257701
SIGNOR-IS	Integrin Signalling	RTKs	proteinfamily	SIGNOR-PF38	SIGNOR	PTK2	protein	Q05397	UNIPROT	up-regulates activity	phosphorylation			9606									30889378	YES		miannu	The RTKs in turn induce phosphorylation of focal adhesion kinase (FAK) or the signaling domain of the b4 integrin. These elements recruit distinct subsets of signaling enzymes and adaptors, refining the specificity of individual partner RTKs.	0.2197	SIGNOR-259030
SIGNOR-IS	Integrin Signalling	ILK	protein	Q13418	UNIPROT	AKT	proteinfamily	SIGNOR-PF24	SIGNOR	up-regulates activity	phosphorylation	Ser473	RPHFPQFsYSASGTA	-1									11313365	YES		miannu	ILK Phosphorylates PKB/Akt on Serine 473 To become fully activated, PKB/Akt requires phosphorylation at two sites, threonine 308 and serine 473, in a phosphatidylinositol (PI) 3-kinase-dependent manner.	0.2817	SIGNOR-250261
SIGNOR-IS	Integrin Signalling	PI3K	complex	SIGNOR-C156	SIGNOR	AKT	proteinfamily	SIGNOR-PF24	SIGNOR	up-regulates activity	phosphorylation			9606	BTO:0000830								15526160	YES		mainnu	C-Kit promotes survival via PI3-kinase-dependent activation of Akt and phosphorylation of Bad, a pro-apoptotic molecule, at S136 in vivo.	0.4546	SIGNOR-254950
SIGNOR-IS	Integrin Signalling	RAF1	protein	P04049	UNIPROT	MEK1/2	proteinfamily	SIGNOR-PF25	SIGNOR	up-regulates activity	phosphorylation			9606		BTO:0000975							11018021	YES		lperfetto	The best characterized Raf substrates are MEK1 and MEK2. The activation of MEK1/2 by Raf is required to mediate many of the cellular responses to Raf activation, suggesting that MEK1/2 are the dominant Raf effector proteins.	0.337	SIGNOR-244945
SIGNOR-IS	Integrin Signalling	CyclinE/CDK2	complex	SIGNOR-C16	SIGNOR	G1/S_transition	phenotype	SIGNOR-PH50	SIGNOR	up-regulates				9606									21524151	NO		lperfetto	In its hypophosphorylated state, pRb binds transcription factors of the E2F family which are required for cell cycle progression. As the level of CyclinD/Cdk4/6 complexes increases, pRb becomes phosphorylated and progression through G1 occurs. At a critical level of phosphorylation, E2F is released from pRb. This activates the transcription of CyclinE which complexes with Cdk2 to fully release pRb repression by further phosphorylation, establishing a positive feedback loop. E2F further promotes the transcription of S-phase genes. Thus, CyclinD/Cdk4/6 and CyclinE/Cdk2 together regulate S-phase entry via phosphorylating pRb, which controls pRb binding to E2F	0.3123	SIGNOR-245480
SIGNOR-IS	Integrin Signalling	FOXO3	protein	O43524	UNIPROT	CDKN1B	protein	P46527	UNIPROT	up-regulates quantity	transcriptional regulation			10090	BTO:0004245								10783894	YES		gcesareni	AFX transcriptionally activates p27kip1, resulting in increased protein levels.	0.2197	SIGNOR-238610
SIGNOR-IS	Integrin Signalling	SOS1	protein	Q07889	UNIPROT	HRAS	protein	P01112	UNIPROT	up-regulates activity	guanine nucleotide exchange factor			9606									23132018	YES		lperfetto	The enhancement of H-Ras GTP levels induced by oncogenic K-Ras was abrogated when the expression of endogenous Sos was suppressed, implicating Sos as an essential intermediate in the cross talk between oncogenic K-Ras and WT H-Ras.	0.7655	SIGNOR-39237
SIGNOR-IS	Integrin Signalling	SOS1	protein	Q07889	UNIPROT	HRAS	protein	P01112	UNIPROT	up-regulates activity	guanine nucleotide exchange factor			9606									23132018	YES		lperfetto	The enhancement of H-Ras GTP levels induced by oncogenic K-Ras was abrogated when the expression of endogenous Sos was suppressed, implicating Sos as an essential intermediate in the cross talk between oncogenic K-Ras and WT H-Ras.	0.7655	SIGNOR-59472
SIGNOR-IS	Integrin Signalling	PTK2	protein	Q05397	UNIPROT	GRB2	protein	P62993	UNIPROT	up-regulates activity	binding												15688067	YES		miannu	Src-mediated phosphorylation of FAK at Tyr925 creates an SH2 binding site for the growth-factor-receptor-bound protein 2 (GRB2) adaptor protein, which leads to the activation of Ras and the extracellular signal-regulated kinase-2 (ERK2) cascade.	0.4368	SIGNOR-257733
SIGNOR-IS	Integrin Signalling	TLN1	protein	Q9Y490	UNIPROT	ITGB4	protein	P16144	UNIPROT	up-regulates activity	binding			10090	BTO:0000132								19118207	YES		miannu	Over the past 10 years, the binding of talin to the cytoplasmic tail of integrin-β subunits has been established to have a key role in integrin activation. Binding of the phosphotyrosinebinding (PTB)-domain-like subdomain of the protein 4.1, ezrin, radixin, moesin (FERM) domain of talin to the conserved WxxxNP(I/L)Y motif of the β-integrin tail permits additional weaker interactions between talin and the membrane-proximal region of the tail that trigger integrin activation, probably through the disruption of inhibitory interactions between α- and β-subunit cytoplasmic tails.	0.2197	SIGNOR-257627
SIGNOR-IS	Integrin Signalling	DOK1	protein	Q99704	UNIPROT	ITGB4	protein	P16144	UNIPROT	down-regulates activity	binding			9606									19118207	YES		miannu	Integrins also bind to many PTBdomain-containing proteins (Calderwood et al., 2003) – including Dok1 and integrincytoplasmic-domain-associated protein 1 (ICAP1) – and these can compete with talin for binding to integrin and so can impair activation	0.2197	SIGNOR-257689
SIGNOR-IS	Integrin Signalling	ITGB1BP1	protein	O14713	UNIPROT	ITGB4	protein	P16144	UNIPROT	down-regulates activity	binding			9606									19118207	YES		miannu	Integrins also bind to many PTBdomain-containing proteins (Calderwood et al., 2003) – including Dok1 and integrincytoplasmic-domain-associated protein 1 (ICAP1) – and these can compete with talin for binding to integrin and so can impair activation	0.2197	SIGNOR-257658
SIGNOR-IS	Integrin Signalling	RTKs	proteinfamily	SIGNOR-PF38	SIGNOR	ITGB4	protein	P16144	UNIPROT	up-regulates activity	phosphorylation			9606									30889378	YES		miannu	The RTKs in turn induce phosphorylation of focal adhesion kinase (FAK) or the signaling domain of the b4 integrin. These elements recruit distinct subsets of signaling enzymes and adaptors, refining the specificity of individual partner RTKs.	0.2197	SIGNOR-259031
SIGNOR-IS	Integrin Signalling	TLN1	protein	Q9Y490	UNIPROT	ITGB1	protein	P05556	UNIPROT	up-regulates activity	binding			10090	BTO:0000132								19118207	YES		miannu	Over the past 10 years, the binding of talin to the cytoplasmic tail of integrin-β subunits has been established to have a key role in integrin activation. Binding of the phosphotyrosinebinding (PTB)-domain-like subdomain of the protein 4.1, ezrin, radixin, moesin (FERM) domain of talin to the conserved WxxxNP(I/L)Y motif of the β-integrin tail permits additional weaker interactions between talin and the membrane-proximal region of the tail that trigger integrin activation, probably through the disruption of inhibitory interactions between α- and β-subunit cytoplasmic tails.	0.4203	SIGNOR-257607
SIGNOR-IS	Integrin Signalling	DOK1	protein	Q99704	UNIPROT	ITGB1	protein	P05556	UNIPROT	down-regulates activity	binding			9606									19118207	YES		miannu	Integrins also bind to many PTBdomain-containing proteins (Calderwood et al., 2003) – including Dok1 and integrincytoplasmic-domain-associated protein 1 (ICAP1) – and these can compete with talin for binding to integrin and so can impair activation	0.2197	SIGNOR-257669
SIGNOR-IS	Integrin Signalling	ITGB1BP1	protein	O14713	UNIPROT	ITGB1	protein	P05556	UNIPROT	down-regulates activity	binding			9606									19118207	YES		miannu	Integrins also bind to many PTBdomain-containing proteins (Calderwood et al., 2003) – including Dok1 and integrincytoplasmic-domain-associated protein 1 (ICAP1) – and these can compete with talin for binding to integrin and so can impair activation	0.4697	SIGNOR-257638
SIGNOR-IS	Integrin Signalling	TLN1	protein	Q9Y490	UNIPROT	ITGB3	protein	P05106	UNIPROT	up-regulates activity	binding			10090									19118207	YES		miannu	Over the past 10 years, the binding of talin to the cytoplasmic tail of integrin-β subunits has been established to have a key role in integrin activation. Binding of the phosphotyrosinebinding (PTB)-domain-like subdomain of the protein 4.1, ezrin, radixin, moesin (FERM) domain of talin to the conserved WxxxNP(I/L)Y motif of the β-integrin tail permits additional weaker interactions between talin and the membrane-proximal region of the tail that trigger integrin activation, probably through the disruption of inhibitory interactions between α- and β-subunit cytoplasmic tails.	0.303	SIGNOR-257625
SIGNOR-IS	Integrin Signalling	DOK1	protein	Q99704	UNIPROT	ITGB3	protein	P05106	UNIPROT	down-regulates activity	binding			9606									19118207	YES		miannu	Integrins also bind to many PTBdomain-containing proteins (Calderwood et al., 2003) – including Dok1 and integrincytoplasmic-domain-associated protein 1 (ICAP1) – and these can compete with talin for binding to integrin and so can impair activation	0.3956	SIGNOR-257687
SIGNOR-IS	Integrin Signalling	ITGB1BP1	protein	O14713	UNIPROT	ITGB3	protein	P05106	UNIPROT	down-regulates activity	binding			9606									19118207	YES		miannu	Integrins also bind to many PTBdomain-containing proteins (Calderwood et al., 2003) – including Dok1 and integrincytoplasmic-domain-associated protein 1 (ICAP1) – and these can compete with talin for binding to integrin and so can impair activation	0.2197	SIGNOR-257656
SIGNOR-IS	Integrin Signalling	PXN	protein	P49023	UNIPROT	ILK	protein	Q13418	UNIPROT	up-regulates	binding			9606		BTO:0000887;BTO:0001260							11304546	YES		gcesareni	Co-immunoprecipitation from fibroblasts confirmed that the association between paxillin and ilk occurs in vivo in both adherent cells and cells in suspension. [__] thus, paxillin binding is necessary for efficient focal adhesion targeting of ilk and may therefore impact the role of ilk in integrin-mediated signal transduction events.	0.303	SIGNOR-106824
SIGNOR-IS	Integrin Signalling	PTK2	protein	Q05397	UNIPROT	PXN	protein	P49023	UNIPROT	up-regulates activity	binding			9606									15688067	YES		miannu	Focal adhesion kinase (FAK) is activated by growth factors and integrins during migration, and functions as a receptor-proximal regulator of cell motility. At contacts between cells and the extracellular matrix, FAK functions as an adaptor protein to recruit other focal contact proteins or their regulators, which affects the assembly or disassembly of focal contacts. Whereas it was first hypothesized that FAK might bind directly to the cytoplasmic tails of integrins, accumulated evidence supports an indirect association of FAK with integrins through binding to integrin-associated proteins such as paxillin and talin.	0.5155	SIGNOR-257732
SIGNOR-IS	Integrin Signalling	AKT	proteinfamily	SIGNOR-PF24	SIGNOR	ELK1	protein	P19419	UNIPROT	up-regulates activity	phosphorylation			9606	BTO:0000527								22085529	NO		miannu	Both mitogen-activated protein kinase (MAPK)/extracellular-signal-regulated kinases (ERK) 1/2 and phosphatidylinositide-3-OH kinase (PI3K)/Akt pathways regulate activation of E-twenty-six (ETS)-like transcription factor 1 (Elk-1) in U138 glioblastoma cells. The phosphatidylinositide-3-OH kinase (PI3K)/Akt pathway was also involved in the Elk-1 activation. Activation of the Elk-1 led to an increased survival and a proliferative response with the EGF stimulation in the U138 glioblastoma cells.	0.2197	SIGNOR-259029
SIGNOR-IS	Integrin Signalling	ERK1/2	proteinfamily	SIGNOR-PF1	SIGNOR	ELK1	protein	P19419	UNIPROT	up-regulates	phosphorylation	Ser324	RDLELPLsPSLLGGP	9606									7889942	YES		gcesareni	Erki phosphorylates five c-terminal sites in elk-i (s324, t336, s383, s389 and s422) with varying degrees of efficiency.	0.4271	SIGNOR-252085
SIGNOR-IS	Integrin Signalling	ERK1/2	proteinfamily	SIGNOR-PF1	SIGNOR	ELK1	protein	P19419	UNIPROT	up-regulates	phosphorylation	Ser383	IHFWSTLsPIAPRSP	9606									7889942	YES		gcesareni	Erki phosphorylates five c-terminal sites in elk-i (s324, t336, s383, s389 and s422) with varying degrees of efficiency.	0.4271	SIGNOR-252083
SIGNOR-IS	Integrin Signalling	ERK1/2	proteinfamily	SIGNOR-PF1	SIGNOR	ELK1	protein	P19419	UNIPROT	up-regulates	phosphorylation	Ser389	LSPIAPRsPAKLSFQ	9606									7889942	YES		gcesareni	Erki phosphorylates five c-terminal sites in elk-i (s324, t336, s383, s389 and s422) with varying degrees of efficiency.	0.4271	SIGNOR-252086
SIGNOR-IS	Integrin Signalling	ERK1/2	proteinfamily	SIGNOR-PF1	SIGNOR	ELK1	protein	P19419	UNIPROT	up-regulates	phosphorylation	Ser422	LSTPVVLsPGPQKP	9606									7889942	YES		gcesareni	Erki phosphorylates five c-terminal sites in elk-i (s324, t336, s383, s389 and s422) with varying degrees of efficiency.	0.4271	SIGNOR-252084
SIGNOR-IS	Integrin Signalling	ERK1/2	proteinfamily	SIGNOR-PF1	SIGNOR	ELK1	protein	P19419	UNIPROT	up-regulates	phosphorylation	Thr336	GGPGPERtPGSGSGS	9606									7889942	YES		gcesareni	Erki phosphorylates five c-terminal sites in elk-i (s324, t336, s383, s389 and s422) with varying degrees of efficiency.	0.4271	SIGNOR-252082
SIGNOR-IS	Integrin Signalling	ERK1/2	proteinfamily	SIGNOR-PF1	SIGNOR	ELK1	protein	P19419	UNIPROT	up-regulates	phosphorylation			9606									7618106	YES		lperfetto	The tcf protein elk-1 is phosphorylated by the jnk and erk groups of mitogen-activated protein (map) kinases causing increased dna binding, ternary complex formation, and transcriptional activation	0.4271	SIGNOR-252081
SIGNOR-IS	Integrin Signalling	PTK2	protein	Q05397	UNIPROT	TLN1	protein	Q9Y490	UNIPROT	up-regulates activity	binding			9606									15688067	YES		miannu	Focal adhesion kinase (FAK) is activated by growth factors and integrins during migration, and functions as a receptor-proximal regulator of cell motility. At contacts between cells and the extracellular matrix, FAK functions as an adaptor protein to recruit other focal contact proteins or their regulators, which affects the assembly or disassembly of focal contacts. Whereas it was first hypothesized that FAK might bind directly to the cytoplasmic tails of integrins, accumulated evidence supports an indirect association of FAK with integrins through binding to integrin-associated proteins such as paxillin and talin.	0.4975	SIGNOR-257731
SIGNOR-IS	Integrin Signalling	HRAS	protein	P01112	UNIPROT	RAF1	protein	P04049	UNIPROT	up-regulates	binding			9606									21779497	YES		lperfetto	The first RAS effector pathway to be identified was the RAF-MEK-ERK pathway. This pathway is an essential, shared element of mitogenic signaling involving tyrosine kinase receptors, leading to a wide range of cellular responses, including growth, differentiation, inflammation, and apoptosis.23 The RAF family of proteins (Raf-1, A-Raf, and B-Raf) is serine/threonine kinases that bind to the effector region of RAS-GTP, thus inducing translocation of the protein to the plasma membrane.	0.7042	SIGNOR-236656
SIGNOR-IS	Integrin Signalling	HRAS	protein	P01112	UNIPROT	RAF1	protein	P04049	UNIPROT	up-regulates	binding			9606									9020159	YES		lperfetto	We have examined whether the other two members of the Raf family, A-Raf and B-Raf, are regulated in a similar way to Raf-1. A-Raf behaves like Raf-1, being weakly activated by oncogenic Ras more strongly activated by oncogenic Src, and these signals synergize to give maximal activation. B-Raf by contrast is strongly activated by oncogenic Ras alone and is not activated by oncogenic Src.	0.7042	SIGNOR-235786
SIGNOR-IS	Integrin Signalling	GRB2	protein	P62993	UNIPROT	SOS1	protein	Q07889	UNIPROT	up-regulates activity	relocalization			10090	BTO:0000669								23452850	YES	GRB2 associated guanine nucleotide exchange factor Sos activates Ras through the exchange of GDP for GTP	lperfetto	Interaction domains of sos1/grb2 are finely tuned for cooperative control of embryonic stem cell fate.	0.9637	SIGNOR-235773
SIGNOR-IS	Integrin Signalling	GRB2	protein	P62993	UNIPROT	SOS1	protein	Q07889	UNIPROT	up-regulates activity	relocalization			9606									8479541	YES	GRB2 associated guanine nucleotide exchange factor Sos activates Ras through the exchange of GDP for GTP	lperfetto	Furthermore, our results indicate that the interaction domains of sos1 and grb2 have evolved so as to bind ligands not with maximal strength but with specificities and affinities that maintain cooperativity. Grb2 binds and activates sos, which then activates ras, and this activates p110 independently of p85.	0.9637	SIGNOR-39163
SIGNOR-IS	Integrin Signalling	AKT	proteinfamily	SIGNOR-PF24	SIGNOR	FOXO3	protein	O43524	UNIPROT	down-regulates activity	phosphorylation	Ser253	APRRRAVsMDNSNKY	9606	BTO:0000150;BTO:0001130;BTO:0001271;BTO:0000527								19188143	YES		lperfetto	Akt-dependent phosphorylation of foxo3a (thr32, ser253, and ser315 for human foxo3) enhances foxo3a/14?3?3 Interaction and promotes foxo3a nuclear export to the cytoplasm, resulting in the repression of foxo3a transcriptional function	0.4436	SIGNOR-183612
SIGNOR-IS	Integrin Signalling	AKT	proteinfamily	SIGNOR-PF24	SIGNOR	FOXO3	protein	O43524	UNIPROT	down-regulates activity	phosphorylation	Ser315	DFRSRTNsNASTVSG	9606	BTO:0000150;BTO:0001130;BTO:0001271;BTO:0000527								19188143	YES		lperfetto	Akt-dependent phosphorylation of foxo3a (thr32, ser253, and ser315 for human foxo3) enhances foxo3a/14?3?3 Interaction and promotes foxo3a nuclear export to the cytoplasm, resulting in the repression of foxo3a transcriptional function	0.4436	SIGNOR-183616
SIGNOR-IS	Integrin Signalling	AKT	proteinfamily	SIGNOR-PF24	SIGNOR	FOXO3	protein	O43524	UNIPROT	down-regulates activity	phosphorylation	Thr32	QSRPRSCtWPLQRPE	9606	BTO:0000150;BTO:0001130;BTO:0001271;BTO:0000527								19188143	YES		lperfetto	Akt-dependent phosphorylation of foxo3a (thr32, ser253, and ser315 for human foxo3) enhances foxo3a/14-3-3 Interaction and promotes foxo3a nuclear export to the cytoplasm, resulting in the repression of foxo3a transcriptional function	0.4436	SIGNOR-183620
SIGNOR-IS	Integrin Signalling	AKT	proteinfamily	SIGNOR-PF24	SIGNOR	FOXO3	protein	O43524	UNIPROT	down-regulates quantity by destabilization	phosphorylation	Ser253	APRRRAVsMDNSNKY										19951971	YES		lperfetto	AKT phosphorylates FOXO3a at three conserved sites (Thr32, Ser253 and Ser315), therefore creating binding sites for the 14-3-3 chaperone proteins and leading to the active export of FOXO3a to the cytoplasm where it is targeted for proteasomal degradation.	0.4436	SIGNOR-249646
SIGNOR-IS	Integrin Signalling	AKT	proteinfamily	SIGNOR-PF24	SIGNOR	FOXO3	protein	O43524	UNIPROT	down-regulates quantity by destabilization	phosphorylation	Ser315	DFRSRTNsNASTVSG										19951971	YES		lperfetto	AKT phosphorylates FOXO3a at three conserved sites (Thr32, Ser253 and Ser315), therefore creating binding sites for the 14-3-3 chaperone proteins and leading to the active export of FOXO3a to the cytoplasm where it is targeted for proteasomal degradation.	0.4436	SIGNOR-249647
SIGNOR-IS	Integrin Signalling	AKT	proteinfamily	SIGNOR-PF24	SIGNOR	FOXO3	protein	O43524	UNIPROT	down-regulates quantity by destabilization	phosphorylation	Thr32	QSRPRSCtWPLQRPE										19951971	YES		lperfetto	AKT phosphorylates FOXO3a at three conserved sites (Thr32, Ser253 and Ser315), therefore creating binding sites for the 14-3-3 chaperone proteins and leading to the active export of FOXO3a to the cytoplasm where it is targeted for proteasomal degradation.	0.4436	SIGNOR-249645
SIGNOR-IS	Integrin Signalling	TEAD	proteinfamily	SIGNOR-PF22	SIGNOR	WWTR1	protein	Q9GZV5	UNIPROT	up-regulates activity	binding			9606									23431053	YES		miannu	YAP/TAZ do not contain intrinsic DNA-binding domains but instead bind to the promoters of target genes by interacting with DNA-binding transcription factors. YAP/TAZ mainly bind to the transcription factors TEAD1–4 to regulate genes involved in cell proliferation and cell death	0.2753	SIGNOR-230722
SIGNOR-IS	Integrin Signalling	LATS1/2	proteinfamily	SIGNOR-PF43	SIGNOR	YAP1	protein	P46937	UNIPROT	down-regulates activity	phosphorylation	Ser127	PQHVRAHsSPASLQL	9606									22658639	YES		miannu	In response to high cell densities, activated LATS1/2 phosphorylates the WW-domain containing transcriptional co-activators YAP at Ser127 and TAZ at Ser89, promoting 14-3-3 binding and thereby inhibiting their translocation into the nucleus.	0.2197	SIGNOR-256188
SIGNOR-IS	Integrin Signalling	TEAD	proteinfamily	SIGNOR-PF22	SIGNOR	YAP1	protein	P46937	UNIPROT	up-regulates activity	binding			9606									23431053	YES		miannu	YAP/TAZ do not contain intrinsic DNA-binding domains but instead bind to the promoters of target genes by interacting with DNA-binding transcription factors. YAP/TAZ mainly bind to the transcription factors TEAD1–4 to regulate genes involved in cell proliferation and cell death	0.2753	SIGNOR-230719