0.00404,0.99283,0.00106,0.00062,0.1
0.00413,0.99283,0.00109,0.00062,0.15
0.00422,0.99283,0.00111,0.00062,0.2
0.00431,0.99283,0.00114,0.00062,0.25
0.0044,0.99283,0.00116,0.00062,0.3
0.00449,0.99283,0.00118,0.00062,0.35
0.00458,0.99283,0.00121,0.00062,0.4
0.00467,0.99283,0.00123,0.00062,0.45
0.00476,0.99283,0.00125,0.00063,0.5
0.00485,0.99283,0.00128,0.00063,0.55
0.00494,0.99283,0.0013,0.00063,0.6
0.00503,0.99283,0.00133,0.00063,0.65
0.00512,0.99283,0.00135,0.00063,0.7
0.00521,0.99283,0.00137,0.00063,0.75
0.0053,0.99283,0.0014,0.00063,0.8
0.00539,0.99283,0.00142,0.00063,0.85
0.00549,0.99283,0.00145,0.00063,0.9
0.00558,0.99283,0.00147,0.00063,0.95
0.00567,0.99283,0.0015,0.00063,1
0.0066,0.99283,0.00174,0.00064,1.5
0.00756,0.99283,0.00199,0.00065,2
0.00756,0.99283,0.002,0.00065,2
0.00853,0.99283,0.00225,0.00066,2.5
0.00952,0.99283,0.00252,0.00067,3
0.01054,0.99283,0.00279,0.00068,3.5
0.01158,0.99283,0.00306,0.00069,4
0.01265,0.99283,0.00335,0.0007,4.5
0.01373,0.99283,0.00363,0.00072,5
0.01485,0.99283,0.00393,0.00073,5.5
0.01599,0.99283,0.00423,0.00074,6
0.01715,0.99283,0.00454,0.00075,6.5
0.01835,0.99283,0.00486,0.00076,7
0.01957,0.99283,0.00519,0.00077,7.5
0.02082,0.99283,0.00552,0.00079,8
0.02211,0.99283,0.00587,0.0008,8.5
0.02342,0.99283,0.00622,0.00081,9
0.02477,0.99283,0.00658,0.00083,9.5
0.02615,0.99283,0.00695,0.00084,10
