"","...1","...2","...3","...4","...5","...6","...7","...8","...9"
"1",-1,-1,-1,-1,0,0,1,1,-1
"2",-1,-1,-1,-1,1,1,1,1,-1
"3",-1,-1,-1,0,0,1,1,-1,-1
"4",-1,-1,-1,0,0,1,1,-1,0
"5",-1,-1,-1,0,1,1,1,-1,0
"6",-1,-1,-1,1,-1,0,1,-1,-1
"7",-1,-1,-1,1,-1,0,1,-1,0
"8",-1,-1,-1,1,-1,0,1,-1,1
"9",-1,-1,-1,1,0,-1,1,-1,-1
"10",-1,-1,-1,1,0,-1,1,-1,0
"11",-1,-1,-1,1,0,0,1,-1,-1
"12",-1,-1,-1,1,0,0,1,-1,0
"13",-1,-1,-1,1,0,0,1,-1,1
"14",-1,-1,-1,1,0,1,1,-1,-1
"15",-1,-1,-1,1,0,1,1,-1,0
"16",-1,-1,-1,1,0,1,1,-1,1
"17",-1,-1,-1,1,1,0,1,-1,-1
"18",-1,-1,-1,1,1,0,1,-1,0
"19",-1,-1,-1,1,1,1,1,-1,-1
"20",-1,-1,-1,1,1,1,1,-1,0
"21",-1,-1,0,0,0,1,1,-1,-1
"22",-1,-1,0,0,0,1,1,-1,0
"23",-1,-1,0,0,0,1,1,-1,1
"24",-1,-1,0,0,1,1,1,-1,-1
"25",-1,-1,0,0,1,1,1,-1,0
"26",-1,-1,0,1,-1,0,1,-1,-1
"27",-1,-1,0,1,-1,0,1,-1,0
"28",-1,-1,0,1,-1,0,1,-1,1
"29",-1,-1,0,1,0,-1,1,-1,-1
"30",-1,-1,0,1,0,-1,1,-1,0
"31",-1,-1,0,1,0,0,1,-1,-1
"32",-1,-1,0,1,0,0,1,-1,0
"33",-1,-1,0,1,0,0,1,-1,1
"34",-1,-1,0,1,0,0,1,0,-1
"35",-1,-1,0,1,0,0,1,0,0
"36",-1,-1,0,1,0,1,1,-1,-1
"37",-1,-1,0,1,0,1,1,-1,0
"38",-1,-1,0,1,0,1,1,-1,1
"39",-1,-1,0,1,1,0,1,-1,-1
"40",-1,-1,0,1,1,0,1,-1,0
"41",-1,-1,0,1,1,1,1,-1,-1
"42",-1,-1,0,1,1,1,1,-1,0
"43",-1,-1,1,0,0,1,1,-1,-1
"44",-1,-1,1,0,0,1,1,-1,0
"45",-1,-1,1,1,-1,0,1,-1,-1
"46",-1,-1,1,1,0,0,1,-1,-1
"47",-1,-1,1,1,0,0,1,-1,0
"48",-1,-1,1,1,0,1,1,-1,-1
"49",-1,-1,1,1,0,1,1,-1,0
"50",-1,-1,1,1,1,0,1,-1,-1
"51",-1,0,-1,0,0,1,1,-1,0
"52",-1,0,-1,1,0,0,1,-1,-1
"53",-1,0,-1,1,0,0,1,-1,0
"54",-1,0,-1,1,0,0,1,-1,1
"55",-1,0,-1,1,0,1,1,-1,0
"56",-1,0,0,0,0,1,1,-1,0
"57",-1,0,0,1,0,0,1,-1,-1
"58",-1,0,0,1,0,0,1,-1,0
"59",-1,0,0,1,0,1,1,-1,0
"60",-1,1,-1,1,0,0,1,-1,0
"61",0,-1,-1,-1,0,0,1,1,-1
"62",0,-1,-1,-1,0,1,1,1,-1
"63",0,-1,-1,-1,1,1,1,1,-1
"64",0,-1,-1,0,0,1,1,-1,-1
"65",0,-1,-1,0,0,1,1,-1,0
"66",0,-1,-1,0,1,1,1,-1,0
"67",0,-1,-1,1,-1,0,1,-1,-1
"68",0,-1,-1,1,-1,0,1,-1,0
"69",0,-1,-1,1,-1,0,1,-1,1
"70",0,-1,-1,1,0,-1,1,-1,-1
"71",0,-1,-1,1,0,-1,1,-1,0
"72",0,-1,-1,1,0,0,1,-1,-1
"73",0,-1,-1,1,0,0,1,-1,0
"74",0,-1,-1,1,0,0,1,-1,1
"75",0,-1,-1,1,0,0,1,0,-1
"76",0,-1,-1,1,0,1,1,-1,-1
"77",0,-1,-1,1,0,1,1,-1,0
"78",0,-1,-1,1,1,0,1,-1,-1
"79",0,-1,-1,1,1,0,1,-1,0
"80",0,-1,-1,1,1,1,1,-1,-1
"81",0,-1,-1,1,1,1,1,-1,0
"82",0,-1,0,0,0,1,1,-1,-1
"83",0,-1,0,0,0,1,1,-1,0
"84",0,-1,0,1,-1,0,1,-1,-1
"85",0,-1,0,1,-1,0,1,-1,0
"86",0,-1,0,1,-1,0,1,-1,1
"87",0,-1,0,1,0,-1,1,-1,-1
"88",0,-1,0,1,0,-1,1,-1,0
"89",0,-1,0,1,0,0,1,-1,-1
"90",0,-1,0,1,0,0,1,-1,0
"91",0,-1,0,1,0,0,1,-1,1
"92",0,-1,0,1,0,0,1,0,-1
"93",0,-1,0,1,0,0,1,0,0
"94",0,-1,0,1,0,1,1,-1,-1
"95",0,-1,0,1,0,1,1,-1,0
"96",0,-1,0,1,0,1,1,-1,1
"97",0,-1,0,1,1,0,1,-1,-1
"98",0,-1,0,1,1,0,1,-1,0
"99",0,-1,0,1,1,0,1,0,-1
"100",0,-1,0,1,1,1,1,-1,-1
"101",0,-1,1,1,0,0,1,-1,-1
"102",0,-1,1,1,0,0,1,-1,0
"103",0,-1,1,1,0,1,1,-1,-1
"104",0,0,-1,1,0,0,1,-1,0
"105",0,0,0,1,0,0,1,-1,-1
"106",0,0,0,1,0,0,1,-1,0
"107",0,0,0,1,0,0,1,-1,1
"108",0,0,0,1,0,1,1,-1,0
"109",1,-1,-1,0,0,1,1,-1,-1
"110",1,-1,-1,1,-1,0,1,-1,0
"111",1,-1,-1,1,0,0,1,-1,-1
"112",1,-1,-1,1,0,0,1,-1,0
"113",1,-1,-1,1,0,0,1,-1,1
"114",1,-1,-1,1,0,0,1,0,-1
"115",1,-1,-1,1,0,1,1,-1,-1
"116",1,-1,-1,1,0,1,1,-1,0
"117",1,-1,-1,1,1,0,1,-1,-1
"118",1,-1,0,1,-1,0,1,-1,-1
"119",1,-1,0,1,-1,0,1,-1,0
"120",1,-1,0,1,0,0,1,-1,-1
"121",1,-1,0,1,0,0,1,-1,0
"122",1,-1,0,1,0,0,1,0,-1
"123",1,-1,0,1,0,1,1,-1,-1
"124",1,-1,0,1,1,0,1,-1,-1
"125",1,-1,1,1,0,0,1,-1,-1
