"X1","X2","X3"
"MKNK1","GRB2","MYOD1"
"MKNK1","GRB2","CTNNB1"
"MKNK1","PLCG1","CTNNB1"
"MKNK1","PLK1","AURKA"
"MKNK1","RIN1","AURKA"
"MKNK1","GRB2","AURKA"
"MKNK1","GAB1","AURKA"
"MKNK1","PSTPIP1","AURKA"
"MKNK1","GAB2","AURKA"
"MKNK1","PLCG1","AURKA"
"MKNK1","GRB2","MTOR"
"MKNK1","PLK1","RAF1"
"MKNK1","ABL1","RAF1"
"MKNK1","RIN1","RAF1"
"MKNK1","RACK1","RAF1"
"MKNK1","ATR","RAF1"
"MKNK1","GAB1","RAF1"
"MKNK1","PSTPIP1","RAF1"
"MKNK1","GAB2","RAF1"
"MKNK1","PLCG1","RAF1"
"MKNK1","CTNNB1","PTPN6"
"MKNK1","AURKA","PTPN6"
"MKNK1","DDX5","PTPN6"
"MKNK1","EGFR","PTPN6"
"MKNK1","RIN1","PTPN6"
"MKNK1","YAP1","PTPN6"
"MKNK1","ATR","PTPN6"
"MKNK1","GAB1","PTPN6"
"MKNK1","PSTPIP1","PTPN6"
"MKNK1","PLCG1","PTPN6"
"MKNK1","PLK1","ARAF"
"MKNK1","EGFR","ARAF"
"MKNK1","RIN1","ARAF"
"MKNK1","AHSA1","ARAF"
"MKNK1","GRB2","ARAF"
"MKNK1","LIMK1","ARAF"
"MKNK1","CTNNB1","PLK1"
"MKNK1","ABL1","PLK1"
"MKNK1","ATR","PLK1"
"MKNK1","GAB1","PLK1"
"MKNK1","GAB2","PLK1"
"MKNK1","CTNNB1","STK4"
"MKNK1","AURKA","STK4"
"MKNK1","DDX5","STK4"
"MKNK1","RIN1","STK4"
"MKNK1","RACK1","STK4"
"MKNK1","AHSA1","STK4"
"MKNK1","YAP1","STK4"
"MKNK1","LIMK1","STK4"
"MKNK1","GAB1","STK4"
"MKNK1","PSTPIP1","STK4"
"MKNK1","GAB2","STK4"
"MKNK1","LIMK1","ABL1"
"MKNK1","GAB2","ABL1"
"MKNK1","AURKA","DDX5"
"MKNK1","RIN1","DDX5"
"MKNK1","RACK1","DDX5"
"MKNK1","YAP1","DDX5"
"MKNK1","ATR","DDX5"
"MKNK1","GAB1","DDX5"
"MKNK1","PSTPIP1","DDX5"
"MKNK1","PLK1","MAP2K1"
"MKNK1","ABL1","MAP2K1"
"MKNK1","RACK1","MAP2K1"
"MKNK1","YAP1","MAP2K1"
"MKNK1","LIMK1","MAP2K1"
"MKNK1","GAB1","MAP2K1"
"MKNK1","GAB2","MAP2K1"
"MKNK1","PLCG1","MAP2K1"
"MKNK1","CTNNB1","STK3"
"MKNK1","AURKA","STK3"
"MKNK1","DDX5","STK3"
"MKNK1","RIN1","STK3"
"MKNK1","RACK1","STK3"
"MKNK1","AHSA1","STK3"
"MKNK1","YAP1","STK3"
"MKNK1","GAB1","STK3"
"MKNK1","PSTPIP1","STK3"
"MKNK1","PLCG1","STK3"
"MKNK1","CTNNB1","EGFR"
"MKNK1","DDX5","EGFR"
"MKNK1","AHSA1","EGFR"
"MKNK1","ATR","EGFR"
"MKNK1","LIMK1","EGFR"
"MKNK1","GAB1","EGFR"
"MKNK1","PSTPIP1","EGFR"
"MKNK1","PLCG1","EGFR"
"MKNK1","PLK1","RIN1"
"MKNK1","EGFR","RIN1"
"MKNK1","AHSA1","RIN1"
"MKNK1","YAP1","RIN1"
"MKNK1","ATR","RIN1"
"MKNK1","LIMK1","RIN1"
"MKNK1","GAB2","RIN1"
"MKNK1","AURKA","CDK5"
"MKNK1","DDX5","CDK5"
"MKNK1","YAP1","CDK5"
"MKNK1","LIMK1","CDK5"
"MKNK1","PSTPIP1","CDK5"
"MKNK1","CTNNB1","MAP3K1"
"MKNK1","PLK1","MAP3K1"
"MKNK1","ABL1","MAP3K1"
"MKNK1","DDX5","MAP3K1"
"MKNK1","EGFR","MAP3K1"
"MKNK1","RIN1","MAP3K1"
"MKNK1","RACK1","MAP3K1"
"MKNK1","YAP1","MAP3K1"
"MKNK1","PSTPIP1","MAP3K1"
"MKNK1","PLCG1","MAP3K1"
"MKNK1","AURKA","RACK1"
"MKNK1","PLK1","RACK1"
"MKNK1","DDX5","RACK1"
"MKNK1","EGFR","RACK1"
"MKNK1","RIN1","RACK1"
"MKNK1","ATR","RACK1"
"MKNK1","LIMK1","RACK1"
"MKNK1","GAB1","RACK1"
"MKNK1","GAB2","RACK1"
"MKNK1","CTNNB1","MUC1"
"MKNK1","PLK1","MUC1"
"MKNK1","EGFR","MUC1"
"MKNK1","RIN1","MUC1"
"MKNK1","AHSA1","MUC1"
"MKNK1","LIMK1","MUC1"
"MKNK1","PSTPIP1","MUC1"
"MKNK1","PLCG1","MUC1"
"MKNK1","CTNNB1","PIK3CA"
"MKNK1","AURKA","PIK3CA"
"MKNK1","PLK1","PIK3CA"
"MKNK1","ABL1","PIK3CA"
"MKNK1","DDX5","PIK3CA"
"MKNK1","ATR","PIK3CA"
"MKNK1","PSTPIP1","PIK3CA"
"MKNK1","AURKA","ABL2"
"MKNK1","RACK1","ABL2"
"MKNK1","GAB1","ABL2"
"MKNK1","PLCG1","ABL2"
"MKNK1","PLK1","NCK1"
"MKNK1","ABL1","NCK1"
"MKNK1","DDX5","NCK1"
"MKNK1","EGFR","NCK1"
"MKNK1","AHSA1","NCK1"
"MKNK1","GRB2","NCK1"
"MKNK1","CTNNB1","AHSA1"
"MKNK1","RACK1","AHSA1"
"MKNK1","YAP1","AHSA1"
"MKNK1","GAB1","AHSA1"
"MKNK1","PLCG1","AHSA1"
"MKNK1","CTNNB1","BTK"
"MKNK1","PLK1","BTK"
"MKNK1","DDX5","BTK"
"MKNK1","EGFR","BTK"
"MKNK1","RACK1","BTK"
"MKNK1","YAP1","BTK"
"MKNK1","GRB2","BTK"
"MKNK1","LIMK1","BTK"
"MKNK1","GAB1","BTK"
"MKNK1","PLCG1","BTK"
"MKNK1","AURKA","YAP1"
"MKNK1","PLK1","YAP1"
"MKNK1","DDX5","YAP1"
"MKNK1","EGFR","YAP1"
"MKNK1","RIN1","YAP1"
"MKNK1","RACK1","YAP1"
"MKNK1","GAB2","YAP1"
"MKNK1","CTNNB1","GRB2"
"MKNK1","EPHB2","GRB2"
"MKNK1","PDP1","GRB2"
"MKNK1","LIMK1","GRB2"
"MKNK1","PLCG1","GRB2"
"MKNK1","AURKA","CD19"
"MKNK1","DDX5","CD19"
"MKNK1","RIN1","CD19"
"MKNK1","RACK1","CD19"
"MKNK1","ATR","CD19"
"MKNK1","GAB2","CD19"
"MKNK1","CTNNB1","ATR"
"MKNK1","AURKA","ATR"
"MKNK1","PLK1","ATR"
"MKNK1","DDX5","ATR"
"MKNK1","EGFR","ATR"
"MKNK1","AHSA1","ATR"
"MKNK1","PSTPIP1","ATR"
"MKNK1","PLK1","PAK1"
"MKNK1","ABL1","PAK1"
"MKNK1","DDX5","PAK1"
"MKNK1","EGFR","PAK1"
"MKNK1","AHSA1","PAK1"
"MKNK1","YAP1","PAK1"
"MKNK1","GRB2","PAK1"
"MKNK1","ATR","PAK1"
"MKNK1","PSTPIP1","PAK1"
"MKNK1","GAB2","PAK1"
"MKNK1","CTNNB1","ILK"
"MKNK1","AURKA","ILK"
"MKNK1","PLK1","ILK"
"MKNK1","ABL1","ILK"
"MKNK1","DDX5","ILK"
"MKNK1","RIN1","ILK"
"MKNK1","RACK1","ILK"
"MKNK1","LIMK1","ILK"
"MKNK1","GAB1","ILK"
"MKNK1","PLCG1","ILK"
"MKNK1","CTNNB1","HIPK2"
"MKNK1","AURKA","HIPK2"
"MKNK1","PLK1","HIPK2"
"MKNK1","RIN1","HIPK2"
"MKNK1","RACK1","HIPK2"
"MKNK1","AHSA1","HIPK2"
"MKNK1","YAP1","HIPK2"
"MKNK1","ATR","HIPK2"
"MKNK1","ABL1","MEK1/2"
"MKNK1","EGFR","MEK1/2"
"MKNK1","RACK1","MEK1/2"
"MKNK1","YAP1","MEK1/2"
"MKNK1","GRB2","MEK1/2"
"MKNK1","LIMK1","MEK1/2"
"MKNK1","GAB1","MEK1/2"
"MKNK1","GAB2","MEK1/2"
"MKNK1","CTNNB1","PI3K"
"MKNK1","PLK1","PI3K"
"MKNK1","DDX5","PI3K"
"MKNK1","LIMK1","PI3K"
"MKNK1","GAB1","PI3K"
"MKNK1","GAB2","PI3K"
"MKNK1","PLCG1","PI3K"
"MKNK1","CTNNB1","MAP4K1"
"MKNK1","PLK1","MAP4K1"
"MKNK1","ABL1","MAP4K1"
"MKNK1","DDX5","MAP4K1"
"MKNK1","RACK1","MAP4K1"
"MKNK1","ATR","MAP4K1"
"MKNK1","GAB1","MAP4K1"
"MKNK1","PLCG1","MAP4K1"
"MKNK1","CTNNB1","LIMK1"
"MKNK1","PLK1","LIMK1"
"MKNK1","ABL1","LIMK1"
"MKNK1","RIN1","LIMK1"
"MKNK1","RACK1","LIMK1"
"MKNK1","AHSA1","LIMK1"
"MKNK1","YAP1","LIMK1"
"MKNK1","ATR","LIMK1"
"MKNK1","GAB2","LIMK1"
"MKNK1","AURKA","ERCC6"
"MKNK1","RIN1","ERCC6"
"MKNK1","RACK1","ERCC6"
"MKNK1","AHSA1","ERCC6"
"MKNK1","YAP1","ERCC6"
"MKNK1","ATR","ERCC6"
"MKNK1","GAB1","ERCC6"
"MKNK1","GAB2","ERCC6"
"MKNK1","PLCG1","ERCC6"
"MKNK1","GRB2","CDKN1B"
"MKNK1","AURKA","FLNA"
"MKNK1","PLK1","FLNA"
"MKNK1","ABL1","FLNA"
"MKNK1","EGFR","FLNA"
"MKNK1","RIN1","FLNA"
"MKNK1","RACK1","FLNA"
"MKNK1","AHSA1","FLNA"
"MKNK1","YAP1","FLNA"
"MKNK1","ATR","FLNA"
"MKNK1","LIMK1","FLNA"
"MKNK1","GAB1","FLNA"
"MKNK1","PSTPIP1","FLNA"
"MKNK1","GAB2","FLNA"
"MKNK1","PLCG1","FLNA"
"MKNK1","CTNNB1","CTTN"
"MKNK1","PLK1","CTTN"
"MKNK1","EGFR","CTTN"
"MKNK1","RIN1","CTTN"
"MKNK1","AHSA1","CTTN"
"MKNK1","YAP1","CTTN"
"MKNK1","GRB2","CTTN"
"MKNK1","ATR","CTTN"
"MKNK1","LIMK1","CTTN"
"MKNK1","PSTPIP1","CTTN"
"MKNK1","CTNNB1","JUN"
"MKNK1","PLK1","JUN"
"MKNK1","EGFR","JUN"
"MKNK1","RIN1","JUN"
"MKNK1","AHSA1","JUN"
"MKNK1","YAP1","JUN"
"MKNK1","ATR","JUN"
"MKNK1","LIMK1","JUN"
"MKNK1","PSTPIP1","JUN"
"MKNK1","CTNNB1","RAD51"
"MKNK1","AURKA","RAD51"
"MKNK1","RIN1","RAD51"
"MKNK1","AHSA1","RAD51"
"MKNK1","ATR","RAD51"
"MKNK1","LIMK1","RAD51"
"MKNK1","GAB1","RAD51"
"MKNK1","PSTPIP1","RAD51"
"MKNK1","GAB2","RAD51"
"MKNK1","AURKA","GAB1"
"MKNK1","DDX5","GAB1"
"MKNK1","RIN1","GAB1"
"MKNK1","RACK1","GAB1"
"MKNK1","AHSA1","GAB1"
"MKNK1","PSTPIP1","GAB1"
"MKNK1","CTNNB1","ESR1"
"MKNK1","AURKA","ESR1"
"MKNK1","PLK1","ESR1"
"MKNK1","ABL1","ESR1"
"MKNK1","DDX5","ESR1"
"MKNK1","RACK1","ESR1"
"MKNK1","AHSA1","ESR1"
"MKNK1","YAP1","ESR1"
"MKNK1","GAB2","ESR1"
"MKNK1","AHSA1","MYLK"
"MKNK1","YAP1","MYLK"
"MKNK1","LIMK1","MYLK"
"MKNK1","PSTPIP1","MYLK"
"MKNK1","GAB2","MYLK"
"MKNK1","PLCG1","MYLK"
"MKNK1","CTNNB1","MORC2"
"MKNK1","AURKA","MORC2"
"MKNK1","PLK1","MORC2"
"MKNK1","ABL1","MORC2"
"MKNK1","DDX5","MORC2"
"MKNK1","EGFR","MORC2"
"MKNK1","RIN1","MORC2"
"MKNK1","YAP1","MORC2"
"MKNK1","GRB2","MORC2"
"MKNK1","ATR","MORC2"
"MKNK1","GAB1","MORC2"
"MKNK1","GAB2","MORC2"
"MKNK1","AURKA","PSTPIP1"
"MKNK1","PLK1","PSTPIP1"
"MKNK1","DDX5","PSTPIP1"
"MKNK1","RIN1","PSTPIP1"
"MKNK1","YAP1","PSTPIP1"
"MKNK1","PLCG1","PSTPIP1"
"MKNK1","PLK1","MAP3K11"
"MKNK1","RIN1","MAP3K11"
"MKNK1","YAP1","MAP3K11"
"MKNK1","ATR","MAP3K11"
"MKNK1","LIMK1","MAP3K11"
"MKNK1","GAB1","MAP3K11"
"MKNK1","PSTPIP1","MAP3K11"
"MKNK1","GAB2","MAP3K11"
"MKNK1","PLCG1","MAP3K11"
"MKNK1","AURKA","NCOA3"
"MKNK1","PLK1","NCOA3"
"MKNK1","DDX5","NCOA3"
"MKNK1","ATR","NCOA3"
"MKNK1","GAB1","NCOA3"
"MKNK1","PLCG1","NCOA3"
"MKNK1","CTNNB1","INPP5D"
"MKNK1","EGFR","INPP5D"
"MKNK1","RACK1","INPP5D"
"MKNK1","ATR","INPP5D"
"MKNK1","LIMK1","INPP5D"
"MKNK1","GAB1","INPP5D"
"MKNK1","PSTPIP1","INPP5D"
"MKNK1","GAB2","INPP5D"
"MKNK1","PLK1","GAB2"
"MKNK1","ABL1","GAB2"
"MKNK1","RIN1","GAB2"
"MKNK1","RACK1","GAB2"
"MKNK1","AHSA1","GAB2"
"MKNK1","AURKA","RAPH1"
"MKNK1","PLK1","RAPH1"
"MKNK1","RIN1","RAPH1"
"MKNK1","RACK1","RAPH1"
"MKNK1","YAP1","RAPH1"
"MKNK1","ATR","RAPH1"
"MKNK1","PSTPIP1","RAPH1"
"MKNK1","PLCG1","RAPH1"
"MKNK1","CTNNB1","PPARG"
"MKNK1","AURKA","PPARG"
"MKNK1","DDX5","PPARG"
"MKNK1","EGFR","PPARG"
"MKNK1","RIN1","PPARG"
"MKNK1","AHSA1","PPARG"
"MKNK1","ATR","PPARG"
"MKNK1","GAB1","PPARG"
"MKNK1","PLCG1","PPARG"
"MKNK1","CTNNB1","MDM2"
"MKNK1","AURKA","MDM2"
"MKNK1","RIN1","MDM2"
"MKNK1","AHSA1","MDM2"
"MKNK1","GRB2","MDM2"
"MKNK1","GAB1","MDM2"
"MKNK1","PSTPIP1","MDM2"
"MKNK1","PLCG1","MDM2"
"MKNK1","CTNNB1","PLCG1"
"MKNK1","DDX5","PLCG1"
"MKNK1","RACK1","PLCG1"
"MKNK1","ATR","PLCG1"
"MKNK1","LIMK1","PLCG1"
"MKNK1","GAB1","PLCG1"
"MKNK1","GAB2","PLCG1"
"MKNK1","CTNNB1","CARD11"
"MKNK1","DDX5","CARD11"
"MKNK1","EGFR","CARD11"
"MKNK1","RACK1","CARD11"
"MKNK1","AHSA1","CARD11"
"MKNK1","GAB1","CARD11"
"MKNK1","PSTPIP1","CARD11"
"MKNK1","GAB2","CARD11"
"MKNK1","DDX5","HDAC2"
"MKNK1","RACK1","HDAC2"
"MKNK1","YAP1","HDAC2"
"MKNK1","GAB1","HDAC2"
"MKNK1","PSTPIP1","HDAC2"
"MKNK1","GAB2","HDAC2"
"MKNK1","PLCG1","HDAC2"
"MKNK1","CTNNB1","RAD9A"
"MKNK1","AURKA","RAD9A"
"MKNK1","PLK1","RAD9A"
"MKNK1","EGFR","RAD9A"
"MKNK1","RACK1","RAD9A"
"MKNK1","ATR","RAD9A"
"MKNK1","LIMK1","RAD9A"
"MKNK1","PSTPIP1","RAD9A"
"MKNK1","GRB2","DDB2"
"MKNK1","GRB2","KAT5"
"MKNK1","PLK1","SYN1"
"MKNK1","ABL1","SYN1"
"MKNK1","DDX5","SYN1"
"MKNK1","EGFR","SYN1"
"MKNK1","RIN1","SYN1"
"MKNK1","YAP1","SYN1"
"MKNK1","GRB2","SYN1"
"MKNK1","CTNNB1","WASL"
"MKNK1","AURKA","WASL"
"MKNK1","PLK1","WASL"
"MKNK1","DDX5","WASL"
"MKNK1","RACK1","WASL"
"MKNK1","GRB2","WASL"
"MKNK1","ATR","WASL"
"MKNK1","PSTPIP1","WASL"
"MKNK1","PLCG1","WASL"
"MKNK1","CTNNB1","PSMA7"
"MKNK1","AURKA","PSMA7"
"MKNK1","DDX5","PSMA7"
"MKNK1","RACK1","PSMA7"
"MKNK1","AHSA1","PSMA7"
"MKNK1","LIMK1","PSMA7"
"MKNK1","GAB1","PSMA7"
"MKNK1","PSTPIP1","PSMA7"
"MKNK1","GAB2","PSMA7"
"MKNK1","PLCG1","PSMA7"
"MKNK1","AURKA","CEBPB"
"MKNK1","PLK1","CEBPB"
"MKNK1","EGFR","CEBPB"
"MKNK1","RIN1","CEBPB"
"MKNK1","RACK1","CEBPB"
"MKNK1","PSTPIP1","CEBPB"
"MKNK1","PLCG1","CEBPB"
"MKNK1","DDX5","SOS1"
"MKNK1","EGFR","SOS1"
"MKNK1","RIN1","SOS1"
"MKNK1","RACK1","SOS1"
"MKNK1","AHSA1","SOS1"
"MKNK1","YAP1","SOS1"
"MKNK1","GRB2","SOS1"
"MKNK1","GAB1","SOS1"
"MKNK1","PSTPIP1","SOS1"
"MKNK1","GAB2","SOS1"
"MKNK1","PLK1","GNAZ"
"MKNK1","DDX5","GNAZ"
"MKNK1","AHSA1","GNAZ"
"MKNK1","YAP1","GNAZ"
"MKNK1","GRB2","GNAZ"
"MKNK1","GAB1","GNAZ"
"MKNK1","PLCG1","GNAZ"
"MKNK1","CTNNB1","LCP2"
"MKNK1","AURKA","LCP2"
"MKNK1","PLK1","LCP2"
"MKNK1","ABL1","LCP2"
"MKNK1","RIN1","LCP2"
"MKNK1","YAP1","LCP2"
"MKNK1","LIMK1","LCP2"
"MKNK1","PSTPIP1","LCP2"
"MKNK1","PLCG1","LCP2"
"MKNK1","GRB2","PRKN"
"MKNK1","PLK1","TOP1"
"MKNK1","EGFR","TOP1"
"MKNK1","RACK1","TOP1"
"MKNK1","AHSA1","TOP1"
"MKNK1","YAP1","TOP1"
"MKNK1","ATR","TOP1"
"MKNK1","LIMK1","TOP1"
"MKNK1","PSTPIP1","TOP1"
"MKNK1","GAB2","TOP1"
"MKNK1","PLCG1","TOP1"
"MKNK1","CTNNB1","GLO1"
"MKNK1","PLK1","GLO1"
"MKNK1","DDX5","GLO1"
"MKNK1","AHSA1","GLO1"
"MKNK1","YAP1","GLO1"
"MKNK1","ATR","GLO1"
"MKNK1","LIMK1","GLO1"
"MKNK1","PSTPIP1","GLO1"
"MKNK1","CTNNB1","PRDX1"
"MKNK1","DDX5","PRDX1"
"MKNK1","RIN1","PRDX1"
"MKNK1","RACK1","PRDX1"
"MKNK1","GRB2","PRDX1"
"MKNK1","GAB1","PRDX1"
"MKNK1","PSTPIP1","PRDX1"
"MKNK1","CTNNB1","LASP1"
"MKNK1","AURKA","LASP1"
"MKNK1","PLK1","LASP1"
"MKNK1","EGFR","LASP1"
"MKNK1","RIN1","LASP1"
"MKNK1","RACK1","LASP1"
"MKNK1","AHSA1","LASP1"
"MKNK1","YAP1","LASP1"
"MKNK1","ATR","LASP1"
"MKNK1","PLCG1","LASP1"
"MKNK1","RACK1","CASP9"
"MKNK1","YAP1","CASP9"
"MKNK1","LIMK1","CASP9"
"MKNK1","GAB2","CASP9"
"MKNK1","PLCG1","CASP9"
"MKNK1","CTNNB1","TP73"
"MKNK1","AURKA","TP73"
"MKNK1","PLK1","TP73"
"MKNK1","EGFR","TP73"
"MKNK1","RIN1","TP73"
"MKNK1","RACK1","TP73"
"MKNK1","AHSA1","TP73"
"MKNK1","YAP1","TP73"
"MKNK1","GAB2","TP73"
"MKNK1","CTNNB1","SNAI1"
"MKNK1","DDX5","SNAI1"
"MKNK1","EGFR","SNAI1"
"MKNK1","RIN1","SNAI1"
"MKNK1","RACK1","SNAI1"
"MKNK1","GRB2","SNAI1"
"MKNK1","ATR","SNAI1"
"MKNK1","LIMK1","SNAI1"
"MKNK1","GAB1","SNAI1"
"MKNK1","PSTPIP1","SNAI1"
"MKNK1","PLCG1","SNAI1"
"MKNK1","PLK1","PSMD2"
"MKNK1","RIN1","PSMD2"
"MKNK1","RACK1","PSMD2"
"MKNK1","YAP1","PSMD2"
"MKNK1","PSTPIP1","PSMD2"
"MKNK1","GRB2","STX17"
"MKNK1","PLK1","ARP2/3"
"MKNK1","EGFR","ARP2/3"
"MKNK1","AHSA1","ARP2/3"
"MKNK1","YAP1","ARP2/3"
"MKNK1","GRB2","ARP2/3"
"MKNK1","GAB1","ARP2/3"
"MKNK1","PSTPIP1","ARP2/3"
"MKNK1","GAB2","ARP2/3"
"MKNK1","PLCG1","ARP2/3"
"MKNK1","PLK1","ELF3"
"MKNK1","ABL1","ELF3"
"MKNK1","RIN1","ELF3"
"MKNK1","AHSA1","ELF3"
"MKNK1","ATR","ELF3"
"MKNK1","LIMK1","ELF3"
"MKNK1","GAB1","ELF3"
"MKNK1","PSTPIP1","ELF3"
"MKNK1","GAB2","ELF3"
"MKNK1","PLCG1","ELF3"
"MKNK1","AURKA","WASF3"
"MKNK1","PLK1","WASF3"
"MKNK1","DDX5","WASF3"
"MKNK1","EGFR","WASF3"
"MKNK1","RACK1","WASF3"
"MKNK1","AHSA1","WASF3"
"MKNK1","YAP1","WASF3"
"MKNK1","ATR","WASF3"
"MKNK1","LIMK1","WASF3"
"MKNK1","PSTPIP1","WASF3"
"MKNK1","GAB2","WASF3"
"MKNK1","PLCG1","WASF3"
"MKNK1","CTNNB1","TP63"
"MKNK1","RIN1","TP63"
"MKNK1","AHSA1","TP63"
"MKNK1","GAB2","TP63"
"MKNK1","CTNNB1","FXR1"
"MKNK1","AURKA","FXR1"
"MKNK1","PLK1","FXR1"
"MKNK1","ABL1","FXR1"
"MKNK1","DDX5","FXR1"
"MKNK1","RIN1","FXR1"
"MKNK1","RACK1","FXR1"
"MKNK1","AHSA1","FXR1"
"MKNK1","YAP1","FXR1"
"MKNK1","GRB2","FXR1"
"MKNK1","PLK1","EIF4E"
"MKNK1","DDX5","EIF4E"
"MKNK1","RIN1","EIF4E"
"MKNK1","RACK1","EIF4E"
"MKNK1","AHSA1","EIF4E"
"MKNK1","ATR","EIF4E"
"MKNK1","LIMK1","EIF4E"
"MKNK1","GAB1","EIF4E"
"MKNK1","PSTPIP1","EIF4E"
"MKNK1","RACK1","CAT"
"MKNK1","AHSA1","CAT"
"MKNK1","ATR","CAT"
"MKNK1","GAB1","CAT"
"MKNK1","GAB2","CAT"
"MKNK1","PLCG1","CAT"
"MKNK1","CTNNB1","PLA2G4A"
"MKNK1","AURKA","PLA2G4A"
"MKNK1","PLK1","PLA2G4A"
"MKNK1","ABL1","PLA2G4A"
"MKNK1","EGFR","PLA2G4A"
"MKNK1","AHSA1","PLA2G4A"
"MKNK1","GRB2","PLA2G4A"
"MKNK1","PSTPIP1","PLA2G4A"
"MKNK1","GAB2","PLA2G4A"
"MKNK1","AURKA","WRN"
"MKNK1","PLK1","WRN"
"MKNK1","DDX5","WRN"
"MKNK1","EGFR","WRN"
"MKNK1","RIN1","WRN"
"MKNK1","RACK1","WRN"
"MKNK1","AHSA1","WRN"
"MKNK1","ATR","WRN"
"MKNK1","GAB1","WRN"
"MKNK1","PLCG1","WRN"
"MKNK1","CTNNB1","ATG5"
"MKNK1","AURKA","ATG5"
"MKNK1","PLK1","ATG5"
"MKNK1","DDX5","ATG5"
"MKNK1","RACK1","ATG5"
"MKNK1","AHSA1","ATG5"
"MKNK1","YAP1","ATG5"
"MKNK1","GRB2","ATG5"
"MKNK1","GAB1","ATG5"
"MKNK1","PSTPIP1","ATG5"
"MKNK1","GAB2","ATG5"
"MKNK1","PLCG1","ATG5"
"MKNK1","CTNNB1","GRAP"
"MKNK1","AURKA","GRAP"
"MKNK1","LIMK1","GRAP"
"MKNK1","GAB1","GRAP"
"MKNK1","PLCG1","GRAP"
"MKNK1","CTNNB1","TBCB"
"MKNK1","PLK1","TBCB"
"MKNK1","ABL1","TBCB"
"MKNK1","DDX5","TBCB"
"MKNK1","EGFR","TBCB"
"MKNK1","RIN1","TBCB"
"MKNK1","RACK1","TBCB"
"MKNK1","AHSA1","TBCB"
"MKNK1","ATR","TBCB"
"MKNK1","PSTPIP1","TBCB"
"MKNK1","PLCG1","TBCB"
"MKNK1","PLK1","PGM1"
"MKNK1","ABL1","PGM1"
"MKNK1","DDX5","PGM1"
"MKNK1","EGFR","PGM1"
"MKNK1","RIN1","PGM1"
"MKNK1","RACK1","PGM1"
"MKNK1","AHSA1","PGM1"
"MKNK1","YAP1","PGM1"
"MKNK1","GRB2","PGM1"
"MKNK1","LIMK1","PGM1"
"MKNK1","GAB1","PGM1"
"MKNK1","PSTPIP1","PGM1"
"MKNK1","GAB2","PGM1"
"MKNK1","AURKA","RBM39"
"MKNK1","EGFR","RBM39"
"MKNK1","RACK1","RBM39"
"MKNK1","ATR","RBM39"
"MKNK1","LIMK1","RBM39"
"MKNK1","GAB1","RBM39"
"MKNK1","PLK1","ARPC1B"
"MKNK1","DDX5","ARPC1B"
"MKNK1","RACK1","ARPC1B"
"MKNK1","YAP1","ARPC1B"
"MKNK1","GRB2","ARPC1B"
"MKNK1","AURKA","ITGB3BP"
"MKNK1","ABL1","ITGB3BP"
"MKNK1","DDX5","ITGB3BP"
"MKNK1","EGFR","ITGB3BP"
"MKNK1","RIN1","ITGB3BP"
"MKNK1","RACK1","ITGB3BP"
"MKNK1","AHSA1","ITGB3BP"
"MKNK1","YAP1","ITGB3BP"
"MKNK1","GRB2","ITGB3BP"
"MKNK1","ATR","ITGB3BP"
"MKNK1","LIMK1","ITGB3BP"
"MKNK1","GAB1","ITGB3BP"
"MKNK1","PSTPIP1","ITGB3BP"
"MKNK1","GAB2","ITGB3BP"
"MKNK1","PLCG1","ITGB3BP"
"MKNK1","CTNNB1","PA2G4"
"MKNK1","AURKA","PA2G4"
"MKNK1","PLK1","PA2G4"
"MKNK1","ABL1","PA2G4"
"MKNK1","DDX5","PA2G4"
"MKNK1","EGFR","PA2G4"
"MKNK1","RIN1","PA2G4"
"MKNK1","RACK1","PA2G4"
"MKNK1","AHSA1","PA2G4"
"MKNK1","YAP1","PA2G4"
"MKNK1","GRB2","PA2G4"
"MKNK1","ATR","PA2G4"
"MKNK1","LIMK1","PA2G4"
"MKNK1","GAB1","PA2G4"
"MKNK1","PSTPIP1","PA2G4"
"MKNK1","GAB2","PA2G4"
"MKNK1","PLCG1","PA2G4"
"MKNK1","CTNNB1","PRDX2"
"MKNK1","AURKA","PRDX2"
"MKNK1","PLK1","PRDX2"
"MKNK1","DDX5","PRDX2"
"MKNK1","EGFR","PRDX2"
"MKNK1","RIN1","PRDX2"
"MKNK1","RACK1","PRDX2"
"MKNK1","AHSA1","PRDX2"
"MKNK1","YAP1","PRDX2"
"MKNK1","GRB2","PRDX2"
"MKNK1","ATR","PRDX2"
"MKNK1","LIMK1","PRDX2"
"MKNK1","GAB1","PRDX2"
"MKNK1","PSTPIP1","PRDX2"
"MKNK1","GAB2","PRDX2"
"MKNK1","PLCG1","PRDX2"
"MKNK1","CTNNB1","GPX1"
"MKNK1","AURKA","GPX1"
"MKNK1","PLK1","GPX1"
"MKNK1","DDX5","GPX1"
"MKNK1","EGFR","GPX1"
"MKNK1","RIN1","GPX1"
"MKNK1","RACK1","GPX1"
"MKNK1","AHSA1","GPX1"
"MKNK1","YAP1","GPX1"
"MKNK1","ATR","GPX1"
"MKNK1","LIMK1","GPX1"
"MKNK1","GAB1","GPX1"
"MKNK1","PSTPIP1","GPX1"
"MKNK1","GAB2","GPX1"
"MKNK1","PLCG1","GPX1"
"MKNK1","DDX5","PNPLA8"
"MKNK1","AHSA1","PNPLA8"
"MKNK1","LIMK1","PNPLA8"
"MKNK1","GAB1","PNPLA8"
"MKNK1","PSTPIP1","PNPLA8"
"MKNK1","CBLB","PNPLA8"
"MKNK1","GAB2","PNPLA8"
"MKNK1","CTNNB1","DGCR8"
"MKNK1","AURKA","DGCR8"
"MKNK1","PLK1","DGCR8"
"MKNK1","DDX5","DGCR8"
"MKNK1","EGFR","DGCR8"
"MKNK1","RIN1","DGCR8"
"MKNK1","RACK1","DGCR8"
"MKNK1","AHSA1","DGCR8"
"MKNK1","YAP1","DGCR8"
"MKNK1","ATR","DGCR8"
"MKNK1","LIMK1","DGCR8"
"MKNK1","GAB1","DGCR8"
"MKNK1","PSTPIP1","DGCR8"
"MKNK1","GAB2","DGCR8"
"MKNK1","PLCG1","DGCR8"
"MKNK1","CTNNB1","APBB1"
"MKNK1","AURKA","APBB1"
"MKNK1","PLK1","APBB1"
"MKNK1","DDX5","APBB1"
"MKNK1","EGFR","APBB1"
"MKNK1","RIN1","APBB1"
"MKNK1","RACK1","APBB1"
"MKNK1","AHSA1","APBB1"
"MKNK1","YAP1","APBB1"
"MKNK1","ATR","APBB1"
"MKNK1","LIMK1","APBB1"
"MKNK1","GAB1","APBB1"
"MKNK1","PSTPIP1","APBB1"
"MKNK1","GAB2","APBB1"
"MKNK1","PLCG1","APBB1"
"MKNK1","GRB2","YTHDC1"
"MKNK1","CTNNB1","SOS2"
"MKNK1","AURKA","SOS2"
"MKNK1","PLK1","SOS2"
"MKNK1","ABL1","SOS2"
"MKNK1","DDX5","SOS2"
"MKNK1","EGFR","SOS2"
"MKNK1","RIN1","SOS2"
"MKNK1","RACK1","SOS2"
"MKNK1","AHSA1","SOS2"
"MKNK1","YAP1","SOS2"
"MKNK1","ATR","SOS2"
"MKNK1","LIMK1","SOS2"
"MKNK1","GAB1","SOS2"
"MKNK1","PSTPIP1","SOS2"
"MKNK1","GAB2","SOS2"
"MKNK1","PLCG1","SOS2"
"MKNK1","GRB2","ROBO1"
