ENTITYA	TYPEA	IDA	DATABASEA	ENTITYB	TYPEB	IDB	DATABASEB	EFFECT	MECHANISM	RESIDUE	SEQUENCE	TAX_ID	CELL_DATA	TISSUE_DATA	MODULATOR_COMPLEX	TARGET_COMPLEX	MODIFICATIONA	MODASEQ	MODIFICATIONB	MODBSEQ	PMID	DIRECT	NOTES	ANNOTATOR	SENTENCE	SCORE	SIGNOR_ID
IGF1R	protein	P08069	UNIPROT	AKT1	protein	P31749	UNIPROT	up-regulates activity				10090	BTO:0000165								11715022	NO		lperfetto	we show that IGF-1 unexpectedly acts via Akt to antagonize calcineurin signalling during myotube hypertrophy.	0.337	SIGNOR-235373
IGF1R	protein	P08069	UNIPROT	IGF1R	protein	P08069	UNIPROT	up-regulates activity	phosphorylation	Tyr1161	FGMTRDIyETDYYRK	-1									8940173	YES		miannu	The insulin-like growth factor type I (IGF-I) receptor can become tyrosine phosphorylated and enzymatically activated either in response to ligand or because of the activity of the Src tyrosine kinaseWe mapped the sites of IGF-I receptor autophosphorylation to peptides representing three different receptor domains: tyrosines 943 and 950 in the juxtamembrane region; tyrosines 1131, 1135, and 1136 within the kinase domain; and tyrosine 1316 in the carboxyl-terminal domain.	0.5097	SIGNOR-246248
IGF1R	protein	P08069	UNIPROT	IGF1R	protein	P08069	UNIPROT	up-regulates activity	phosphorylation	Tyr1161	FGMTRDIyETDYYRK	9606									7493944	YES		lperfetto	Insulin and insulin-like growth factor (igf-i) receptors are heterotetrameric proteins consisting of two alpha-and two beta-subunits and members of the transmembrane tyrosine kinase receptors. Specific ligand binding to the receptor triggers a cascade of intracellular events, which begins with autophosphorylation of several tyrosine residues of the beta-subunit of the receptor.	0.5097	SIGNOR-26582
IGF1R	protein	P08069	UNIPROT	IGF1R	protein	P08069	UNIPROT	up-regulates activity	phosphorylation	Tyr1166	DIYETDYyRKGGKGL	-1									8940173	YES		miannu	The insulin-like growth factor type I (IGF-I) receptor can become tyrosine phosphorylated and enzymatically activated either in response to ligand or because of the activity of the Src tyrosine kinaseWe mapped the sites of IGF-I receptor autophosphorylation to peptides representing three different receptor domains: tyrosines 943 and 950 in the juxtamembrane region; tyrosines 1131, 1135, and 1136 within the kinase domain; and tyrosine 1316 in the carboxyl-terminal domain.	0.5097	SIGNOR-246244
IGF1R	protein	P08069	UNIPROT	IGF1R	protein	P08069	UNIPROT	up-regulates activity	phosphorylation	Tyr1166	DIYETDYyRKGGKGL	9606									7493944	YES		lperfetto	Insulin and insulin-like growth factor (igf-i) receptors are heterotetrameric proteins consisting of two alpha-and two beta-subunits and members of the transmembrane tyrosine kinase receptors. Specific ligand binding to the receptor triggers a cascade of intracellular events, which begins with autophosphorylation of several tyrosine residues of the beta-subunit of the receptor.	0.5097	SIGNOR-26590
IGF1R	protein	P08069	UNIPROT	IGF1R	protein	P08069	UNIPROT	up-regulates activity	phosphorylation	Tyr1346	SFDERQPyAHMNGGR	-1									8940173	YES		miannu	The insulin-like growth factor type I (IGF-I) receptor can become tyrosine phosphorylated and enzymatically activated either in response to ligand or because of the activity of the Src tyrosine kinaseWe mapped the sites of IGF-I receptor autophosphorylation to peptides representing three different receptor domains: tyrosines 943 and 950 in the juxtamembrane region; tyrosines 1131, 1135, and 1136 within the kinase domain; and tyrosine 1316 in the carboxyl-terminal domain.	0.5097	SIGNOR-246260
IGF1R	protein	P08069	UNIPROT	IGF1R	protein	P08069	UNIPROT	up-regulates	phosphorylation	Tyr1165	RDIYETDyYRKGGKG	9606									7493944	YES		lperfetto	Insulin and insulin-like growth factor (IGF-I) receptors are heterotetrameric proteins consisting of two alpha-and two beta-subunits and members of the transmembrane tyrosine kinase receptors. Specific ligand binding to the receptor triggers a cascade of intracellular events, which begins with autophosphorylation of several tyrosine residues of the beta-subunit of the receptor.	0.5097	SIGNOR-26586
IGF1R	protein	P08069	UNIPROT	IGF1R	protein	P08069	UNIPROT	up-regulates	phosphorylation	Tyr973	RLGNGVLyASVNPEY	-1									7493944	YES		lperfetto	The insulin-like growth factor type I (IGF-I) receptor can become tyrosine phosphorylated and enzymatically activated either in response to ligand or because of the activity of the Src tyrosine kinase. We mapped the sites of IGF-I receptor autophosphorylation to peptides representing three different receptor domains: tyrosines 943 and 950 in the juxtamembrane region; tyrosines 1131, 1135, and 1136 within the kinase domain; and tyrosine 1316 in the carboxyl-terminal domain.	0.5097	SIGNOR-246252
IGF1R	protein	P08069	UNIPROT	IGF1R	protein	P08069	UNIPROT	up-regulates activity	phosphorylation	Tyr980	YASVNPEyFSAADVY	-1									7493944	YES		lperfetto	The insulin-like growth factor type I (IGF-I) receptor can become tyrosine phosphorylated and enzymatically activated either in response to ligand or because of the activity of the Src tyrosine kinase. We mapped the sites of IGF-I receptor autophosphorylation to peptides representing three different receptor domains: tyrosines 943 and 950 in the juxtamembrane region; tyrosines 1131, 1135, and 1136 within the kinase domain; and tyrosine 1316 in the carboxyl-terminal domain.	0.5097	SIGNOR-246256
TNFRSF1A	protein	P19438	UNIPROT	MAPK14	protein	Q16539	UNIPROT	up-regulates				10090	BTO:0000165								17151142	NO		lperfetto	These results indicate that TNF-alpha regulates myogenesis and muscle regeneration as a key activator of p38.	0.2265	SIGNOR-235370
TNFRSF1A	protein	P19438	UNIPROT	MAPK14	protein	Q16539	UNIPROT	up-regulates				9606	BTO:0000567								11672426	NO		lperfetto	Conversely, only activation of the TNFR1 could stimulate mitogen-activated protein kinase (MAPK) or p38 MAPK activities in a time-dependent manner.	0.2265	SIGNOR-226637
TNFRSF1A	protein	P19438	UNIPROT	MAPK14	protein	Q16539	UNIPROT	up-regulates activity													17151142	NO			[...] TNF-alpha is critical for p38 activation during the early stages of myoblast differentiation	0.2265	SIGNOR-253600
TNFRSF1A	protein	P19438	UNIPROT	MAPK14	protein	Q16539	UNIPROT	up-regulates activity													20887952	NO			These results indicate that TNF-a-activated p38 pathway negatively controls the expansion of PAX7-positive SCs	0.2265	SIGNOR-253602
MAP2K3	protein	P46734	UNIPROT	MAPK14	protein	Q16539	UNIPROT	up-regulates activity	phosphorylation			9534									7839144	YES		lperfetto	Two human MAP kinase kinases (MKK3 and MKK4) were cloned that phosphorylate and activate p38 MAP kinase.	0.7584	SIGNOR-232156
MAP2K3	protein	P46734	UNIPROT	MAPK14	protein	Q16539	UNIPROT	up-regulates activity	phosphorylation			9606									8622669	YES		lperfetto	Mkk3 is a protein kinase that phosphorylates and activates p38 map kinase but does not phosphorylate the related jnk or erk map kinases. MKK3 is therefore a specific activator of p38 MAP kinase that is independent of the JNK and ERK signaling pathways.	0.5413	SIGNOR-40356
MAP2K3	protein	P46734	UNIPROT	MAPK14	protein	Q16539	UNIPROT	up-regulates activity	phosphorylation			9606	BTO:0000130;BTO:0000801;BTO:0000876								7535770	YES		lperfetto	Recently, two map kinase kinases (mkk3 and mkk4) that activate p38 map kinase have been identified. the mechanism of p38 activation is mediated by dual phosphorylation on thr-180 and tyr-182.	0.7584	SIGNOR-236103
MAP2K3	protein	P46734	UNIPROT	MAPK14	protein	Q16539	UNIPROT	up-regulates activity	phosphorylation	Thr180	RHTDDEMtGYVATRW	9606									8622669	YES		lperfetto	Mkk3 is a protein kinase that phosphorylates and activates p38 map kinase but does not phosphorylate the related jnk or erk map kinases.	0.7584	SIGNOR-40349
MAP2K3	protein	P46734	UNIPROT	MAPK14	protein	Q16539	UNIPROT	up-regulates activity	phosphorylation	Tyr182	TDDEMTGyVATRWYR	9606									8622669	YES		lperfetto	Mkk3 is a protein kinase that phosphorylates and activates p38 map kinase but does not phosphorylate the related jnk or erk map kinases.	0.7584	SIGNOR-40353
MAP2K4	protein	P45985	UNIPROT	MAP2K4	protein	P45985	UNIPROT	up-regulates activity	phosphorylation	Ser257	ISGQLVDsIAKTRDA	-1									9162092	YES			Ser221 and, to a lesser extent, Thr225 in MKK4 as necessary sites for basal and MEKK-induced autophosphorylation and activation of MKK4.	0.1364	SIGNOR-251420
MAP2K4	protein	P45985	UNIPROT	MAP2K4	protein	P45985	UNIPROT	up-regulates activity	phosphorylation	Thr261	LVDSIAKtRDAGCRP	-1									9162092	YES			Ser221 and, to a lesser extent, Thr225 in MKK4 as necessary sites for basal and MEKK-induced autophosphorylation and activation of MKK4.	0.1364	SIGNOR-251421
MAP2K4	protein	P45985	UNIPROT	MAPK14	protein	Q16539	UNIPROT	up-regulates activity	phosphorylation			9606									7839144	YES		lperfetto	Two human MAP kinase kinases (MKK3 and MKK4) were cloned that phosphorylate and activate p38 MAP kinase.	0.5132	SIGNOR-34121
MAP2K4	protein	P45985	UNIPROT	MAPK14	protein	Q16539	UNIPROT	up-regulates activity	phosphorylation	Thr180	RHTDDEMtGYVATRW	9606									7535770	YES		lperfetto	Recently, two MAP kinase kinases (MKK3 and MKK4) that activate p38 MAP kinase have been identified. The mechanism of p38 activation is mediated by dual phosphorylation on Thr-180 and Tyr-182	0.5132	SIGNOR-27973
RIPK1	protein	Q13546	UNIPROT	MAP3K7	protein	O43318	UNIPROT	up-regulates activity	binding			9606									21133840	YES		simone vumbaca	RIP-1 recruitment of MEKK-3 and transforming growth factor-beta (TGFbeta)-activated kinase (TAK1) subsequently activates the IKK (inhibitor of Œ∫B kinase) complex	0.3644	SIGNOR-256022
RIPK1	protein	Q13546	UNIPROT	TAB2	protein	Q9NYJ8	UNIPROT	up-regulates activity	binding			9606	BTO:0000007								15327770	YES		lperfetto	TNF_ induced the polyubiquitination of RIP and the association of polyubiquitinated RIP with TAB2.	0.2817	SIGNOR-128406
RIPK1	protein	Q13546	UNIPROT	TAB2	protein	Q9NYJ8	UNIPROT	up-regulates activity	binding			9606	BTO:0000007;BTO:0000661								16603398	YES		lperfetto	Taken together, these results indicate that polyubiquitination of RIP1 mediates the independent re- cruitment of TAB2 and NEMO, which in turn recruits TAK1 and IKK, respectively, to TNF-R1.	0.2817	SIGNOR-145861
AKT2	protein	P31751	UNIPROT	MAPK14	protein	Q16539	UNIPROT	down-regulates activity				9606	BTO:0000150								12697749	NO		lperfetto	Our data indicate that akt2 inhibits cisplatin-induced jnk/p38 and bax activation through phosphorylation of ask1	0.1364	SIGNOR-100591
AKT2	protein	P31751	UNIPROT	P300/PCAF	complex	SIGNOR-C7	SIGNOR	up-regulates	phosphorylation			9606		BTO:0000887							17964260	YES		lperfetto	Akt1 and 2 promote the association of myod with p300 and pcaf acetyltransferases, via direct phosphorylation of p300.	0.1364	SIGNOR-217673
AKT2	protein	P31751	UNIPROT	KHSRP	protein	Q92945	UNIPROT	down-regulates	phosphorylation	Ser193	GLPERSVsLTGAPES	10116									17177604	YES		lperfetto	AKT phosphorylates the mRNA decay-promoting factor KSRP at a unique serine residue, induces its association with the multifunctional protein 14-3-3, and prevents KSRP interaction with the exoribonucleolytic complex exosome. This impairs KSRPs ability to promote rapid mRNA decay.	0.1364	SIGNOR-151220
AKT2	protein	P31751	UNIPROT	MAP3K5	protein	Q99683	UNIPROT	down-regulates activity	phosphorylation	Ser83	ATRGRGSsVGGGSRR	9606	BTO:0000150								12697749	YES		lperfetto	Akt2 interacts with and phosphorylates ask1 at ser-83 resulting in inhibition of its kinase activity	0.2753	SIGNOR-100588
CDC42	protein	P60953	UNIPROT	MAPK14	protein	Q16539	UNIPROT	up-regulates activity				9606									21902831	NO		lperfetto	Precisely how this complex results in p38 activation is not known, but complex recruitment of the gtpase cdc42 is required for p38 phosphorylation.	0.1364	SIGNOR-176501
MAPK14	protein	Q16539	UNIPROT	ADAM17	protein	P78536	UNIPROT	up-regulates activity	phosphorylation	Thr735	KPFPAPQtPGRLQPA	10029	BTO:0000246								20188673	YES		gcesareni	We show that p38 MAP kinase, which is activated in response to inflammatory or stress signals, directly activates TACE, a membrane-associated metalloprotease that is also known as ADAM17 and effects shedding in response to growth factors and Erk MAP kinase activation. p38alpha MAP kinase interacts with the cytoplasmic domain of TACE and phosphorylates it on Thr(735), which is required for TACE-mediated ectodomain shedding	0.4203	SIGNOR-163970
MAPK14	protein	Q16539	UNIPROT	AKT2	protein	P31751	UNIPROT	down-regulates activity				9606									20626350	NO		lperfetto	On the other hand, p38 alfa may negatively modulate akt activity, indipendently of pi3k by regulating the interaction between caveolin 1 and pp2a through a mechanism dependent on cell attachment.	0.1364	SIGNOR-166591
MAPK14	protein	Q16539	UNIPROT	AKT2	protein	P31751	UNIPROT	up-regulates activity		Ser474	RTHFPQFsYSASIRE	9606									12181443	YES		lperfetto	We show [] that the kinase activity and s473 phosphorylation of akt induced by lpa and s1p requires both mitogen-activated protein (map) kinase kinase (mek) and p38 map kinase. [] among different stimuli tested, platelet-derived growth factor stimulates s473 phosphorylation of akt in a mek- and p38-dependent manner. However, epidermal growth factor, thrombin, and endothelin-1?stimulated Akt s473 phosphorylation require p38 but not mek.	0.1364	SIGNOR-91408
MAPK14	protein	Q16539	UNIPROT	EZH2	protein	Q15910	UNIPROT	up-regulates activity	phosphorylation			9606				SIGNOR-C77					21902831	YES		lperfetto	P38 can phosphorylate the histone-lysine n-methyltransferase ezh2, the catalytic subunit of the polycomb repressive complex 2 (prc2), with phosphorylation of ezh2 necessary for prc2s association with the transcriptional repressor yy1 and subsequent chromatin remodelling.	0.1364	SIGNOR-176548
MAPK14	protein	Q16539	UNIPROT	MEF2A	protein	Q02078	UNIPROT	unknown	phosphorylation	Ser408	SIKSEPIsPPRDRMT	9606	BTO:0000938	BTO:0000887							12586839	YES		lperfetto	A p38 mapk-induced phosphopeptide with no mapk consensus the phosphorylation site is identified as ser-408	0.4512	SIGNOR-98224
MAPK14	protein	Q16539	UNIPROT	MEF2A	protein	Q02078	UNIPROT	unknown	phosphorylation	Ser453	PRQEMGRsPVDSLSS	9606	BTO:0000938	BTO:0000887							12586839	YES		lperfetto	Thr-312 and thr-319 are known phosphorylation sites important for the increased transcriptional activation of mef2a by p38 mapk. Ser-453 and ser-479 are phosphorylated in vitro but were not important functionally	0.4512	SIGNOR-98228
MAPK14	protein	Q16539	UNIPROT	MEF2A	protein	Q02078	UNIPROT	up-regulates activity	phosphorylation	Thr312	QATQPLAtPVVSVTT	9606									9858528	YES		lperfetto	We show that mef2a, but not mef2b or mef2d, is a substrate for p38. Threonines 312 and 319 are the key regulatory phosphorylation sites by p38 in mef2a. Phosphorylation at these sites enhances transcriptional activity of mef2a	0.4512	SIGNOR-62780
MAPK14	protein	Q16539	UNIPROT	MEF2A	protein	Q02078	UNIPROT	up-regulates	phosphorylation	Thr319	TPVVSVTtPSLPPQG	9606									9858528	YES		lperfetto	We show that mef2a, but not mef2b or mef2d, is a substrate for p38. Threonines 312 and 319 are the key regulatory phosphorylation sites by p38 in mef2a. Phosphorylation at these sites enhances transcriptional activity of mef2a	0.4512	SIGNOR-62784
MAPK14	protein	Q16539	UNIPROT	MEF2C	protein	Q06413	UNIPROT	up-regulates activity	phosphorylation	Thr293	QSAQSLAtPVVSVAT	9606									9069290	YES	The effect has been demonstrated using Q06413-3	lperfetto	We found that in monocytic cells, lps increases the transactivation activity of mef2c through p38-catalysed phosphorylation.	0.5043	SIGNOR-47136
MAPK14	protein	Q16539	UNIPROT	MEF2C	protein	Q06413	UNIPROT	up-regulates activity	phosphorylation	Thr293	QSAQSLAtPVVSVAT	9606									9858528	YES	The effect has been demonstrated using Q06413-3	lperfetto	Our studies showed that p38 specifically phosphorylates serine 387 and threonines 293 and 300 within the mef2c transactivation domain	0.5043	SIGNOR-62792
MAPK14	protein	Q16539	UNIPROT	MEF2C	protein	Q06413	UNIPROT	up-regulates activity	phosphorylation	Thr300	TPVVSVAtPTLPGQG	9606									9858528	YES	The effect has been demonstrated using Q06413-3	lperfetto	Our studies showed that p38 specifically phosphorylates serine 387 and threonines 293 and 300 within the mef2c transactivation domain	0.5043	SIGNOR-62796
MAPK14	protein	Q16539	UNIPROT	MEF2D	protein	Q14814	UNIPROT	up-regulates activity	phosphorylation			9606									21902831	YES		lperfetto	Through phosphorylation of mef2d, p38 recruits an ash2l-containing complex to myogenic loci during differentiation, which results in the marking of these genes for expression.	0.1983	SIGNOR-176554
MAPK14	protein	Q16539	UNIPROT	MEF2D	protein	Q14814	UNIPROT	up-regulates activity	phosphorylation			9606		BTO:0000887							18026121	YES		lperfetto	Targeting of ash2l to specific genes is mediated by the transcriptional regulator mef2d. Furthermore, this interaction is modulated during differentiation through activation of the p38 mapk signaling pathway via phosphorylation of mef2d.	0.1983	SIGNOR-159331
MAPK14	protein	Q16539	UNIPROT	MYOD1	protein	P15172	UNIPROT	up-regulates activity				9606		BTO:0000887;BTO:0001103							15466486	NO		lperfetto	Here, we show that p38 activity facilitates myod and mef2 binding at a subset of late-activated promoters, and the binding of mef2d recruits pol ii.	0.1364	SIGNOR-129702
MAPK14	protein	Q16539	UNIPROT	SMARCD3	protein	Q6STE5	UNIPROT	up-regulates activity	phosphorylation			9606									21902831	YES		lperfetto	p38 phosphorylates the baf60 subunit of the swi-snf chromatin remodelling complex, and p38 recruits this complex to differentiation-specific loci.	0.1364	SIGNOR-176557
MAPK14	protein	Q16539	UNIPROT	TCF3	protein	P15923	UNIPROT	up-regulates activity	phosphorylation	Ser139	LNSPGPLsPSGMKGT	9606		BTO:0000887							15719023	YES		lperfetto	Here we show that p38 mapk, whose activity is essential for myogenesis, regulates myod/e47 heterodimerization. Phosphorylation of e47 at ser140 by p38 induces myod/e47 association and activation of muscle-specific transcription	0.2197	SIGNOR-134194
MAPK14	protein	Q16539	UNIPROT	EZH2	protein	Q15910	UNIPROT	down-regulates quantity by destabilization	phosphorylation	Thr367	NNSSRPStPTINVLE	10090	BTO:0000165								28067271	YES			Here, we show that p38α kinase promotes EZH2 degradation in differentiating muscle cells through phosphorylation of threonine 372	0.1364	SIGNOR-255663
MAPK14	protein	Q16539	UNIPROT	KHSRP	protein	Q92945	UNIPROT	down-regulates activity	phosphorylation	Thr692	QAAYYGQtPGPGGPQ	10090	BTO:0000165								16364914	YES		lperfetto	KSRP, an important factor for AU-rich element (ARE)-directed mRNA decay, undergoes p38-dependent phosphorylation during muscle differentiation. KSRP phosphorylated by p38 displays compromised binding to ARE-containing transcripts and fails to promote their rapid decay, although it retains the ability to interact with the mRNA degradation machinery	0.303	SIGNOR-235856
MAPK14	protein	Q16539	UNIPROT	MEF2C	protein	Q06413	UNIPROT	up-regulates activity	phosphorylation			9606									21902831	YES		lperfetto	As a permissive environment is created at these loci, p38 further stimulates gene expression through the phosphorylation of additional myogenic transcription factors, including mef2c and e47.	0.5043	SIGNOR-176551
MAPK14	protein	Q16539	UNIPROT	MEF2C	protein	Q06413	UNIPROT	up-regulates activity	phosphorylation	Ser387	LSLPSTQsLNIKSEP	9606									9858528	YES	The effect has been demonstrated using Q06413-3	lperfetto	Our studies showed that p38 specifically phosphorylates serine 387 and threonines 293 and 300 within the mef2c transactivation domain	0.5043	SIGNOR-62788
MYOG	protein	P15173	UNIPROT	MYOG	protein	P15173	UNIPROT	up-regulates	transcriptional regulation			9606				SIGNOR-C92					17194702	YES		miannu	Upon the expression of myogenin, myogenin, mef2d, and brg1 localize to the myogenin promoter to maintain myogenin expression./ Swi/snf chromatin-remodeling activity is required for myogenin expression in differentiated skeletal muscle	0.1364	SIGNOR-151694
MYOG	protein	P15173	UNIPROT	PAX7	protein	P23759	UNIPROT	down-regulates quantity by destabilization				10090	BTO:0004058								17548510	NO		Simone Vumbaca	Indeed, we observed a reduction in Pax7 protein levels upon ectopic myogenin expression in MM14 myoblasts, even under proliferation conditions	0.1364	SIGNOR-255638
MYOG	protein	P15173	UNIPROT	Skeletal_muscle_differentiation	phenotype	SIGNOR-PH1	SIGNOR	up-regulates				9606		BTO:0000887							8288123	NO		lperfetto	The myogenic regulators myod, myogenin, myf5, and mrf4 share -80% amino acid identity within a basic helix-loop--helix (bhlh) motif that mediates dimerization and dna binding. / myogenic bhlh proteins form heterodimers with ubiquitous bhlh proteins, known as e proteins, and activate the transcription of muscle-specific genes by binding to the e-box consensus sequence (canntg) in muscle gene promoters and enancers.	0.2265	SIGNOR-37461
MYOG	protein	P15173	UNIPROT	Skeletal_muscle_differentiation	phenotype	SIGNOR-PH1	SIGNOR	up-regulates				9606		BTO:0001103							28163303	NO		apalma	During early stages of myogenesis, CIITA binds directly to myogenin (MYOG) and inactivates it, preventing MYOG-mediated induction of myogenic genes that are required for muscle differentiation and function	0.2265	SIGNOR-255112
MYOG	protein	P15173	UNIPROT	Skeletal_muscle_differentiation	phenotype	SIGNOR-PH1	SIGNOR	up-regulates activity						BTO:0001103							7532173	NO		Simone Vumbaca	These results suggest that at least initially, the muscle-forming regions contained cells with myogenic potential, and that this potential is lost in the myogenin mutants as development proceeds.	0.2265	SIGNOR-255644
ABL1	protein	P00519	UNIPROT	ABL1	protein	P00519	UNIPROT	up-regulates activity	phosphorylation	Tyr393	FGLSRLMTGDTYTAH	9606									10964922	YES		Manara	We demonstrate here that autophosphorylation of ABL1 is intermolecular and stimulates Abl catalytic activity.	0.2265	SIGNOR-260781
ABL1	protein	P00519	UNIPROT	ABL1	protein	P00519	UNIPROT	up-regulates activity	phosphorylation	Tyr393	RLMTGDTyTAHAGAK	9606									11781820	YES		lperfetto	Phosphorylation of tyr412 can occur autocatalytically by a trans-mechanism and cause activation of otherwise inactive c-abl, suggesting a positive feedback loop on c-abl activity.	0.2265	SIGNOR-113659
ABL1	protein	P00519	UNIPROT	MYOD1	protein	P15172	UNIPROT	down-regulates activity	phosphorylation	Tyr30	FATTDDFyDDPCFDSP	9606	BTO:0000007								12415271	YES			We have found that c-Abl can phosphorylate MyoD at a conserved N-terminal tyrosine (Tyr30) that is located within the transactivation domain. Mutation of Tyr30 to Phe does not interfere with the function of MyoD, but theTyr30Phe mutant becomes resistant to the inhibitory effect of DNA damage.	0.1364	SIGNOR-253055
ABL1	protein	P00519	UNIPROT	ABL1	protein	P00519	UNIPROT	up-regulates activity	phosphorylation	Tyr393	RLMTGDTyTAHAGAK	9606	BTO:0001271								8441409	YES		lperfetto	Sh1 domain autophosphorylation of p210 bcr/abl is required for transformation but not growth factor independence.	0.2265	SIGNOR-39142
MEF2C	protein	Q06413	UNIPROT	MYOD1	protein	P15172	UNIPROT	up-regulates activity	binding			9606		BTO:0000887;BTO:0001103							9418854	YES		lperfetto	Myod-e protein heterodimers interact with mef2 proteins to synergistically activate myogenesis.	0.2753	SIGNOR-54089
MEF2C	protein	Q06413	UNIPROT	Skeletal_muscle_differentiation	phenotype	SIGNOR-PH1	SIGNOR	up-regulates				9606		BTO:0000887;BTO:0001103							10082551	NO		lperfetto	During embryogenesis, the MEF2 genes are expressed throughout developing skeletal and cardiac muscle lineages, as well as in the nervous system (19, 42, 65, 68).MEF2C is the first member of the family to be expressed in developing muscle cell lineages, with transcripts appearing in precardiac cells by about embryonic day 7.75 and in skeletal muscle precursor cells within the myotome of the developing somites by embryonic day 8.5. Soon thereafter, the other MEF2 genes are expressed in overlapping patterns (19). After birth, the expression of MEF2A, -B, and -Dbecomes ubiquitous, whereas the expression of MEF2C becomes restricted to skeletal muscle, brain, and spleen	0.1364	SIGNOR-219368
SMARCD3	protein	Q6STE5	UNIPROT	MYOD1	protein	P15172	UNIPROT	up-regulates activity	binding			-1									22068056	YES		lperfetto	We show that the muscle determination factor MyoD and the SWI/SNF subunit BAF60c interact on the regulatory elements of MyoD-target genes in myoblasts, prior to activation of transcription. BAF60c facilitates MyoD binding to target genes and marks the chromatin for signal-dependent recruitment of the SWI/SNF core to muscle genes.	0.1364	SIGNOR-238289
SMARCD3	protein	Q6STE5	UNIPROT	MYOG	protein	P15173	UNIPROT	up-regulates quantity by expression	transcriptional regulation			9606		BTO:0000887							15870273	NO		lperfetto	We observed that the homeodomain factor pbx1, which cooperates with myod to stimulate myogenin expression, is constitutively bound to the myogenin promoter in a swi/snf-independent manner, suggesting a two-step mechanism in which myod initially interacts indire	0.1364	SIGNOR-136945
TAB2	protein	Q9NYJ8	UNIPROT	MAP3K7	protein	O43318	UNIPROT	up-regulates activity	binding			9606									8638164	YES		lperfetto	The yeast two-hybrid system has now revealed two human proteins, termed tab1 and tab2 (for tak1 binding protein), that interact with tak1. Overproduction of tab1 enhanced activity of the plasminogen activator inhibitor 1 gene promoter, which is regulated by tgf-beta, and increased the kinase activity of tak1. . These results define tab2 as an adaptor linking tak1 and traf6 and as a mediator of tak1 activation in the il-1 signaling pathway . taken together, these results indicate that polyubiquitination of rip1 mediates the independent recruitment of tab2 and nemo, which in turn recruits tak1 and ikk, respectively, to tnf-r1.	0.8117	SIGNOR-105860
TAB2	protein	Q9NYJ8	UNIPROT	MAP3K7	protein	O43318	UNIPROT	up-regulates activity	binding			9606	BTO:0000007								14633987	YES		lperfetto	These results suggest that TAB2 and TAB3 function redundantly as mediators of TAK1 activation in IL-1 and TNF signal transduction.	0.8117	SIGNOR-119370
TAB2	protein	Q9NYJ8	UNIPROT	MAP3K7	protein	O43318	UNIPROT	up-regulates activity	binding			9606	BTO:0000801								14670075	YES		lperfetto	Our results indicate that two distinct TAK1 complexes are present in cells. One comprises TAK1 complexed with TAB1 and TAB2, and the other TAK1 complexed with TAB1 and TAB3. Both complexes are activated in response to tumour necrosis factor-alpha or interleukin-1 in human epithelial KB cells or bacterial lipopolysaccharide in RAW264.7 macrophages	0.8117	SIGNOR-120268
BNIP2	protein	Q12982	UNIPROT	CDC42	protein	P60953	UNIPROT	up-regulates activity	binding			9606	BTO:0000222								18678706	YES		lperfetto	Cdo-bnip-2-cdc42 complex stimulates cdc42 activation which in turn promotes p38 alpha/beta activity and cell differentiation.	0.2753	SIGNOR-179861
EZH2	protein	Q15910	UNIPROT	Skeletal_muscle_differentiation	phenotype	SIGNOR-PH1	SIGNOR	down-regulates activity	transcriptional repression			10090	BTO:0002314								15520282	NO			We report that Ezh2 expression was developmentally regulated in the myotome compartment of mouse somites and that its down-regulation coincided with activation of muscle gene expression and differentiation of satellite-cell-derived myoblasts	0.1364	SIGNOR-255719
MEF2A	protein	Q02078	UNIPROT	MYOD1	protein	P15172	UNIPROT	up-regulates activity	binding			9606		BTO:0000887;BTO:0001103							9418854	YES		lperfetto	Myod-e protein heterodimers interact with mef2 proteins to synergistically activate myogenesis.	0.2753	SIGNOR-54086
AKT1	protein	P31749	UNIPROT	EZH2	protein	Q15910	UNIPROT	down-regulates activity	phosphorylation	Ser21	CWRKRVKsEYMRLRQ	9606									16224021	YES		lperfetto	Enhancer of zeste homolog 2 (ezh2) is a methyltransferase that plays an important role in many biological processes through its ability to trimethylate lysine 27 in histone h3. Here, we show that akt phosphorylates ezh2 at serine 21 and suppresses its methyltransferase activity by impeding ezh2 binding to histone h3	0.1364	SIGNOR-141043
AKT1	protein	P31749	UNIPROT	KHSRP	protein	Q92945	UNIPROT	down-regulates activity	phosphorylation	Ser193	GLPERSVsLTGAPES	9606									17177604	YES		lperfetto	Beta-catenin transcript can be stabilized by either wnt or pi3k-akt signaling activation. Akt phosphorylates ksrp at a unique serine residue akt phosphorylates the mrna decay-promoting factor ksrp at a unique serine residue, induces its association with the multifunctional protein 14-3-3, and prevents ksrp interaction with the exoribonucleolytic complex exosome.	0.303	SIGNOR-252497
AKT1	protein	P31749	UNIPROT	MAP2K4	protein	P45985	UNIPROT	down-regulates	phosphorylation	Ser80	IERLRTHsIESSGKL	9606	BTO:0000007								11707464	YES		lperfetto	Akt phosphorylated sek1 on serine 78.	0.1364	SIGNOR-236494
AKT1	protein	P31749	UNIPROT	MEF2D	protein	Q14814	UNIPROT	up-regulates				9606	BTO:0000222	BTO:0000887;BTO:0001103							10896679	NO		lperfetto	Two candidates that may function as mediators of pi3-k in the phosphorylation of mef2 proteins are pkb and big map kinase 1.	0.1364	SIGNOR-79338
AKT1	protein	P31749	UNIPROT	P300/PCAF	complex	SIGNOR-C7	SIGNOR	up-regulates	phosphorylation			9606		BTO:0000887							17964260	YES		lperfetto	Akt1 and 2 promote the association of myod with p300 and pcaf acetyltransferases, via direct phosphorylation of p300.	0.1364	SIGNOR-217670
AKT1	protein	P31749	UNIPROT	MAP3K5	protein	Q99683	UNIPROT	down-regulates activity	phosphorylation	Ser83	ATRGRGSsVGGGSRR	9606	BTO:0000007								11154276	YES		lperfetto	Akt phosphorylates and negatively regulates apoptosis signal-regulating kinase 1 akt decreased ask1 kinase activity stimulated by both oxidative stress and overexpression in 293 cells by phosphorylating a consensus akt site at serine 83 of ask1.	0.3644	SIGNOR-252465
AKT1	protein	P31749	UNIPROT	MEF2C	protein	Q06413	UNIPROT	up-regulates activity				9606	BTO:0000222	BTO:0000887;BTO:0001103							10896679	NO		lperfetto	Two candidates that may function as mediators of pi3-k in the phosphorylation of mef2 proteins are pkb and big map kinase 1.	0.1364	SIGNOR-79335
SPAG9	protein	O60271	UNIPROT	ABL1	protein	P00519	UNIPROT	unknown	binding			9606	BTO:0000222		SIGNOR-C21						19470755	YES		lperfetto	We report that abl associates with both cdo and jlp during myoblast differentiation	0.1364	SIGNOR-185765
SPAG9	protein	O60271	UNIPROT	MAP3K5	protein	Q99683	UNIPROT	unknown	binding			10090	BTO:0000165;BTO:0000222;BTO:0002181		SIGNOR-C21						22337877	YES		lperfetto	Cdo and jlp interacted with ask1 or tak1 in 293t cells and c2c12 myoblasts	0.1364	SIGNOR-235545
SPAG9	protein	O60271	UNIPROT	MAP3K7	protein	O43318	UNIPROT	unknown	binding			10090	BTO:0000165;BTO:0000222;BTO:0002181		SIGNOR-C21						22337877	YES		lperfetto	Cdo and jlp interacted with ask1 or tak1 in 293t cells and c2c12 myoblasts	0.1364	SIGNOR-235548
SPAG9	protein	O60271	UNIPROT	MAPK14	protein	Q16539	UNIPROT	up-regulates activity	binding			9606	BTO:0000222								17074887	YES	Activation of p38alpha/beta MAPK in myogenesis via binding of the scaffold protein JLP	lperfetto	Cdo, jlp, and p38alpha/beta form complexes in differentiating myoblasts, and cdo and jlp cooperate to enhance levels of active p38alpha/beta in transfectants.	0.2753	SIGNOR-149979
TNF	protein	P01375	UNIPROT	AKT1	protein	P31749	UNIPROT	up-regulates				9606									11287630	NO		lperfetto	Tumor necrosis factor (tnf) inhibited insulin-promoted tyrosine phosphorylation of irs-1 and activated the akt/protein kinase b serine-threonine kinase, a downstream target for phosphatidylinositol 3-kinase	0.1364	SIGNOR-106593
TNF	protein	P01375	UNIPROT	AKT2	protein	P31751	UNIPROT	up-regulates				9606									11287630	NO		lperfetto	Tumor necrosis factor (tnf) inhibited insulin-promoted tyrosine phosphorylation of irs-1 and activated the akt/protein kinase b serine-threonine kinase, a downstream target for phosphatidylinositol 3-kinase	0.1364	SIGNOR-106596
TNF	protein	P01375	UNIPROT	MAPK14	protein	Q16539	UNIPROT	up-regulates activity				9606									16813528	NO		lperfetto	These observations suggest that tnf-alpha activates p38 map kinase during the inflammatory response at the injured growth plate, and tnf-alpha-p38 signaling seems to be required for marrow mesenchymal cell proliferation and migration at the growth plate injury site and in cell culture.	0.1364	SIGNOR-147369
TNF	protein	P01375	UNIPROT	TNFRSF1A	protein	P19438	UNIPROT	up-regulates activity	binding			9606									10634209	YES		lperfetto	TNF-induced apoptosis is mediated primarily through the activation of type I receptors	0.8597	SIGNOR-226676
TNF	protein	P01375	UNIPROT	TNFRSF1A	protein	P19438	UNIPROT	up-regulates activity	binding			9606									11502070	YES		lperfetto	Binding of tnf to the extracellular domain of tnfrsf1a leads to homotrimerization.	0.8597	SIGNOR-109716
TNF	protein	P01375	UNIPROT	TNFRSF1A	protein	P19438	UNIPROT	up-regulates activity	binding			9606									14732063	YES		miannu	Tumour necrosis factor (TNF) exerts two main effects: a beneficial one as an anti-infection, anti-tumour cytokine, and a detrimental one in the systemic inflammatory response syndrome (SIRS). Two receptors (TNF-R) mediate these effects. two distinct types of TNF-Rs have been identified and molecularly cloned: TNF-R55 (also referred to as TNFR1, p55 or CD120a) and TNF-R75 (also called TNFR2, p75 or CD120b)	0.8597	SIGNOR-253593
TNF	protein	P01375	UNIPROT	TNFRSF1A	protein	P19438	UNIPROT	up-regulates activity	binding			9606									23070005	YES		miannu	For TNFR1, the cytokine TNFα binds to the receptor and triggers its trimerization, which leads to the assembly of the receptor complex and initiation of signaling.	0.6838	SIGNOR-199091
TNF	protein	P01375	UNIPROT	TNFRSF1A	protein	P19438	UNIPROT	up-regulates activity	binding			9606									17151142	YES		miannu	TNF-α has two distinct plasma membrane receptors known as p55 and p75. These data indicate that myogenic activation of p38 requires TNF-alpha receptor-mediated signaling	0.8597	SIGNOR-253591
TNF	protein	P01375	UNIPROT	TNFRSF1A	protein	P19438	UNIPROT	up-regulates activity	binding			9606									21133840	YES		simone vumbaca	TNF alpha and IFN gamma exhibit a cross-talk at the level of TNFR1 to induce activation of macrophages	0.8597	SIGNOR-256025
TCF3	protein	P15923	UNIPROT	MYOD1	protein	P15172	UNIPROT	up-regulates activity	binding			9606		BTO:0000887							1649701	YES	E12/E47-like proteins interact in vivo with the myogenic HLH proteins MyoD and myogenin	lperfetto	In addition we demonstrate that myod, in conjunction with e12/e47-like proteins, is functioning as a regulatory nodal point for activation of several other downstream muscle regulators.	0.3586	SIGNOR-20540
PAX7	protein	P23759	UNIPROT	MYOD1	protein	P15172	UNIPROT	down-regulates quantity by destabilization				10090	BTO:0004058								17548510	NO		Simone Vumbaca	Previously, we showed that Pax7 overexpression in adult primary myoblasts down-regulates MyoD and prevents myogenin induction, inhibiting myogenesis. We show that Pax7 prevents muscle differentiation independently of its transcriptional activity, affecting MyoD function. [...] Pax7 expression affects MyoD protein stability	0.1364	SIGNOR-255637
PAX7	protein	P23759	UNIPROT	MYOD1	protein	P15172	UNIPROT	up-regulates quantity by expression	transcriptional regulation			9606	BTO:0000222								18854138	NO		lperfetto	Our cell-based assays and in vitro studies reveal a tight codependent partnership between foxo3 and pax3/7 to coordinately recruit rna polymerase ii and form a preinitiation complex (pic) to activate myod transcription in myoblasts.	0.1364	SIGNOR-181624
PAX7	protein	P23759	UNIPROT	Skeletal_muscle_differentiation	phenotype	SIGNOR-PH1	SIGNOR	down-regulates				9606		BTO:0001103;BTO:0002314							22493066	NO		lperfetto	Constitutive Notch Activation Upregulates Pax7 and Promotes the Self-Renewal of Skeletal Muscle Satellite Cells	0.1364	SIGNOR-219371
CDH15	protein	P55291	UNIPROT	CDON	protein	Q4KMG0	UNIPROT	up-regulates activity	binding			9606	BTO:0000222	BTO:0000887;BTO:0001103							12634428	YES		lperfetto	Cdo binds promyogenic cadherins form complexes with n- and m-cadherin.	0.1364	SIGNOR-99250
IGF1	protein	P05019	UNIPROT	IGF1R	protein	P08069	UNIPROT	up-regulates activity	binding			9606									21798082	YES		lperfetto	Binding of IGF1 to its receptor leads to activation of its intrinsic tyrosine kinase and autophosphorylation, thus generating docking sites for insulin receptor substrate (IRS), which is also phosphorylated by the IGF1 receptor.	0.4482	SIGNOR-175662
IGF1	protein	P05019	UNIPROT	IGF1R	protein	P08069	UNIPROT	up-regulates	binding			9606									19029956	YES		lperfetto	At the cellular level, the ligands IGF1, IGF2 and insulin bind to various members of the insulin receptor (IR) - IGF1 receptor (IGF1R) family.	0.4482	SIGNOR-182484
CDON	protein	Q4KMG0	UNIPROT	ABL1	protein	P00519	UNIPROT	up-regulates activity	binding			9606	BTO:0000222								19470755	YES		lperfetto	Abl binds a proline-rich motif in cdo via its sh3 domain, and these regions of abl and cdo are required for their promyogenic effects. Cdo is important for full abl kinase activity	0.2197	SIGNOR-185762
CDON	protein	Q4KMG0	UNIPROT	BNIP2	protein	Q12982	UNIPROT	up-regulates activity	binding			9606	BTO:0000222								18678706	YES		lperfetto	Bnip-2 and jlp are brought together through mutual interaction with cdo.  the cdo-bnip-2 interaction stimulates cdc42 activity, which in turn promotes p38alpha/beta activity and cell differentiation.	0.1364	SIGNOR-179864
CDON	protein	Q4KMG0	UNIPROT	MAP3K5	protein	Q99683	UNIPROT	unknown	binding			10090	BTO:0000165;BTO:0000222;BTO:0002181		SIGNOR-C21						22337877	YES		lperfetto	Cdo and jlp interacted with ask1 or tak1 in 293t cells and c2c12 myoblasts	0.1364	SIGNOR-235551
CDON	protein	Q4KMG0	UNIPROT	MAP3K7	protein	O43318	UNIPROT	unknown	binding			10090	BTO:0000165;BTO:0000222;BTO:0002181		SIGNOR-C21						22337877	YES		lperfetto	Cdo and jlp interacted with ask1 or tak1 in 293t cells and c2c12 myoblasts	0.1364	SIGNOR-235554
CDON	protein	Q4KMG0	UNIPROT	SPAG9	protein	O60271	UNIPROT	up-regulates activity	binding			9606	BTO:0000222								17074887	YES		lperfetto	In this study, we report that the cdo intracellular region interacts with jlp, a scaffold protein for the p38alpha/beta mapk pathway.	0.3372	SIGNOR-150282
CDON	protein	Q4KMG0	UNIPROT	SPAG9	protein	O60271	UNIPROT	up-regulates activity	binding			9606	BTO:0000222								18678706	YES	p38 together with Bnip-2 and CDC42 to activate p38alfa/beta activity	lperfetto	During myoblast differentiation, the promyogenic cell surface receptor cdo binds to the p38alpha/beta pathway scaffold protein jlp and, via jlp, p38alpha/beta itself.	0.3372	SIGNOR-179870
CDON	protein	Q4KMG0	UNIPROT	MAPK14	protein	Q16539	UNIPROT	up-regulates activity	binding			9606	BTO:0000222								18678706	YES		lperfetto	During myoblast differentiation, the promyogenic cell surface receptor cdo binds to the p38alpha/beta pathway scaffold protein jlp and, via jlp, p38alpha/beta itself	0.1364	SIGNOR-179867
MAP3K7	protein	O43318	UNIPROT	MAP2K3	protein	P46734	UNIPROT	up-regulates activity	phosphorylation			10090									17299140	YES		lperfetto	Taken together, our data indicate that TAK1 and TAB1 play a pivotal role as upstream signal transducers activating the MKK3-p38 MAPK signaling cascade that leads to the induction of type I collagen expression by TGF-beta(1). In addition, our findings also suggest that TAK1 has a novel function in regulation of the steady-state protein levels of MKK3 and p38 MAPK.	0.6582	SIGNOR-42402
MAP3K7	protein	O43318	UNIPROT	MAP2K3	protein	P46734	UNIPROT	up-regulates activity	phosphorylation			9606	BTO:0000222								21902831	YES		lperfetto	TAK1 can phosphorylate and activate MAP kinase kinase 3/6 (MKK3/6), and numerous studies have demonstrated a requirement for MKK3/6 activity in the initiation of myoblast differentiation, again in a p38-dependent manner.	0.6582	SIGNOR-236093
MAP3K7	protein	O43318	UNIPROT	MAP2K4	protein	P45985	UNIPROT	up-regulates activity	phosphorylation			9606									9278437	YES		lperfetto	Mitogen-activated protein kinase kinase 4 (mkk4)/stress-activated protein kinase/extracellular signal-regulated kinase (sek1), a dual-specificity kinase that phosphorylates and activates jnk, synergized with tak1 in activating jnk.Taken together, these results identify TAK1 as a regulator in the HPK1 --> TAK1 --> MKK4/SEK1 --> JNK kinase cascade and indicate the involvement of JNK in the TGF-beta signaling pathway.	0.303	SIGNOR-50618
MAP3K7	protein	O43318	UNIPROT	MAP3K7	protein	O43318	UNIPROT	up-regulates activity	phosphorylation	Ser192	HMTNNKGsAAWMAPE	-1									20538596	YES		lperfetto	Analyses of phosphorylation site mutants of the activation segment indicate that autophosphorylation of Ser-192 precedes TAB1 phosphorylation and is followed by sequential phosphorylation of Thr-178, Thr-187, and finally Thr-184. Finally, we present a model for the chronological order of events governing TAB1-induced TAK1 autoactivation.	0.4418	SIGNOR-232153
MAP3K7	protein	O43318	UNIPROT	MAP3K7	protein	O43318	UNIPROT	up-regulates activity	phosphorylation	Ser192	HMTNNKGsAAWMAPE	9606	BTO:0000007								10702308	YES		lperfetto	A mutant of TAK1 that lacks kinase activity is not phosphorylated either following IL-1 treatment or when coexpressed with TAB1, indicating that TAK1 phosphorylation is due to autophosphorylation. Furthermore, mutation to alanine of a conserved serine residue (Ser-192) in the activation loop between kinase domains VII and VIII abolishes both phosphorylation and activation of TAK1. These results suggest that IL-1 and ectopic expression of TAB1 both activate TAK1 via autophosphorylation of Ser-192.	0.4418	SIGNOR-235758
MAP3K7	protein	O43318	UNIPROT	MAP3K7	protein	O43318	UNIPROT	up-regulates activity	phosphorylation	Thr178	LKICDFGtACDIQTH	-1									20538596	YES		lperfetto	Analyses of phosphorylation site mutants of the activation segment indicate that autophosphorylation of Ser-192 precedes TAB1 phosphorylation and is followed by sequential phosphorylation of Thr-178, Thr-187, and finally Thr-184. Finally, we present a model for the chronological order of events governing TAB1-induced TAK1 autoactivation.	0.4418	SIGNOR-227536
MAP3K7	protein	O43318	UNIPROT	MAP3K7	protein	O43318	UNIPROT	up-regulates activity	phosphorylation	Thr184	GTACDIQtHMTNNKG	-1									20538596	YES		lperfetto	Analyses of phosphorylation site mutants of the activation segment indicate that autophosphorylation of Ser-192 precedes TAB1 phosphorylation and is followed by sequential phosphorylation of Thr-178, Thr-187, and finally Thr-184. Finally, we present a model for the chronological order of events governing TAB1-induced TAK1 autoactivation.	0.4418	SIGNOR-227544
MAP3K7	protein	O43318	UNIPROT	MAP3K7	protein	O43318	UNIPROT	up-regulates activity	phosphorylation	Thr187	CDIQTHMtNNKGSAA	-1									20538596	YES		lperfetto	Analyses of phosphorylation site mutants of the activation segment indicate that autophosphorylation of Ser-192 precedes TAB1 phosphorylation and is followed by sequential phosphorylation of Thr-178, Thr-187, and finally Thr-184. Finally, we present a model for the chronological order of events governing TAB1-induced TAK1 autoactivation.	0.4418	SIGNOR-227540
MAP3K7	protein	O43318	UNIPROT	MAP2K6	protein	P52564	UNIPROT	up-regulates activity	phosphorylation			9606									11460167	YES		lperfetto	The activity of tak1 to phosphorylate mkk6, which activates the jnk-p38 kinase pathway, is directly regulated by k63-linked polyubiquitination	0.615	SIGNOR-109497
MAP3K7	protein	O43318	UNIPROT	MAP2K6	protein	P52564	UNIPROT	up-regulates activity	phosphorylation			9606	BTO:0000222								21902831	YES		lperfetto	Tak1 can phosphorylate and activate map kinase kinase 3/6 (mkk3/6), and numerous studies have demonstrated a requirement for mkk3/6 activity in the initiation of myoblast differentiation, again in a p38-dependent manner.	0.615	SIGNOR-236145
MYOD1	protein	P15172	UNIPROT	MYOG	protein	P15173	UNIPROT	up-regulates quantity by expression	transcriptional regulation			9606									18676376	NO		gcesareni	 provide a novel transcriptional paradigm for the first steps of myogenesis, where a calcineurin/NFATc3 pathway regulates myogenin induction in cooperation with MyoD during myogenesis.	0.3099	SIGNOR-235009
MYOD1	protein	P15172	UNIPROT	MYOG	protein	P15173	UNIPROT	up-regulates quantity by expression	transcriptional regulation			9606		BTO:0000887							15870273	NO		lperfetto	We observed that the homeodomain factor pbx1, which cooperates with myod to stimulate myogenin expression, is constitutively bound to the myogenin promoter in a swi/snf-independent manner, suggesting a two-step mechanism in which myod initially interacts indirectly with the myogenin promoter and attracts chromatin-remodeling enzymes, which then facilitate direct binding by myod and other regulatory proteins.	0.3099	SIGNOR-135984
MYOD1	protein	P15172	UNIPROT	MYOG	protein	P15173	UNIPROT	up-regulates quantity by expression	transcriptional regulation					BTO:0001103							12694204	YES		Simone Vumbaca	We conclude that MyoD is the major MRF that binds to the E-box from the myogenin promoter during differentiation.	0.2265	SIGNOR-255640
MYOD1	protein	P15172	UNIPROT	MYOG	protein	P15173	UNIPROT	up-regulates quantity by expression	transcriptional regulation					BTO:0001103							15870273	YES		Simone Vumbaca	We suggest that the interaction between MyoD and Pbx is necessary to initially target MyoD to the myogenin promoter	0.2265	SIGNOR-255639
MYOD1	protein	P15172	UNIPROT	Skeletal_muscle_differentiation	phenotype	SIGNOR-PH1	SIGNOR	up-regulates				9606		BTO:0000887							8288123	NO		lperfetto	The myogenic regulators myod, myogenin, myf5, and mrf4 share -80% amino acid identity within a basic helix-loop-helix (bHLH) motif that mediates dimerization and dna binding. [...] myogenic bHLH proteins form heterodimers with ubiquitous bHLH proteins, known as e proteins, and activate the transcription of muscle-specific genes by binding to the e-box consensus sequence (canntg) in muscle gene promoters and enhancers.	0.1364	SIGNOR-37458
MYOD1	protein	P15172	UNIPROT	SMARCD3	protein	Q6STE5	UNIPROT	up-regulates	binding			9606		BTO:0000887							15870273	YES		lperfetto	This suggests a novel mechanism by which myod interacts with the promoter indirectly via pbx-1 and recruits chromatin-remodeling enzymes, which then facilitate the binding of myod and other regulators. Demonstration of physical interactions between brg1 and myod and brg1 and pbx support this conclusion	0.1364	SIGNOR-136130
MAP2K6	protein	P52564	UNIPROT	MAP2K6	protein	P52564	UNIPROT	up-regulates activity	phosphorylation			9606	BTO:0000007								10347227	YES		lperfetto	However, the autocatalytic activities of both mkk6 and mkk7 were enhanced by their coexpression with either mekk3 or mekk2.	0.2197	SIGNOR-236122
MAP2K6	protein	P52564	UNIPROT	MAPK14	protein	Q16539	UNIPROT	up-regulates activity	phosphorylation			9606									20551513	YES		ggiuliani	Expression of a constitutively active mutant of MKK6 (MKK6-glu) (39), but not a kinase-inactive mutant of MKK6 (MKK6-K82A) (39), strongly promoted human MSC differentiation to osteoblasts as shown by increased ALP activity and extracellular matrix mineralization (Figure 4E). Furthermore, MKK6-glu‚Äìexpressing osteoblasts were treated with inhibitors of p38, JNK, and MEK (Figure 4F). Only treatment with the p38 inhibitor SB203580 blocked the effects of MKK6-glu.	0.693	SIGNOR-255780
MAP2K6	protein	P52564	UNIPROT	MAPK14	protein	Q16539	UNIPROT	up-regulates activity	phosphorylation			9606	BTO:0000298								8974401	YES		lperfetto	A MAP kinase kinase kinase (MAPKKK), termed ASK1, was identified that activated two different subgroups of MAP kinase kinases (MAPKK), SEK1 (or MKK4) and MKK3/MAPKK6 (or MKK6), which in turn activated stress-activated protein kinase (SAPK, also known as JNK; c-Jun amino-terminal kinase) and p38 subgroups of MAP kinases, respectively.	0.693	SIGNOR-236116
MAP2K6	protein	P52564	UNIPROT	MAPK14	protein	Q16539	UNIPROT	up-regulates activity	phosphorylation	Thr180	RHTDDEMtGYVATRW	9534									8622669	YES		lperfetto	These data indicate that mkk6 phosphorylates p38 map kinase on thr-180 and tyr-182, the sites of phosphorylation that activate p38 map kinase	0.693	SIGNOR-40423
MAP2K6	protein	P52564	UNIPROT	MAPK14	protein	Q16539	UNIPROT	up-regulates activity	phosphorylation	Tyr182	TDDEMTGyVATRWYR	9534									8622669	YES		lperfetto	These data indicate that mkk6 phosphorylates p38 map kinase on thr-180 and tyr-182, the sites of phosphorylation that activate p38 map kinase	0.693	SIGNOR-40427
MAP2K6	protein	P52564	UNIPROT	MAPK14	protein	Q16539	UNIPROT	up-regulates activity	phosphorylation			9606									10480932	YES		lperfetto	We have found that p38 mitogen-activated protein kinase, and its direct activator MKK6 are rapidly activated in response to TGF-beta.	0.693	SIGNOR-70607
MAP3K5	protein	Q99683	UNIPROT	MAP2K3	protein	P46734	UNIPROT	up-regulates activity	phosphorylation	Ser218	ISGYLVDsVAKTMDA	9606									19920149	YES		lperfetto	Ask1 is a member of a mapkkk family and functions as an upstream kinase engaged in c-jun nh2-terminal kinase (jnk)/p38 signaling via the phosphorylation and activation of mapkks, such as mkk3, -4, -6, and -7	0.5039	SIGNOR-161763
MAP3K5	protein	Q99683	UNIPROT	MAP2K4	protein	P45985	UNIPROT	up-regulates activity	phosphorylation			9606	BTO:0000298								8974401	YES		lperfetto	A MAP kinase kinase kinase (MAPKKK), termed ASK1, was identified that activated two different subgroups of MAP kinase kinases (MAPKK), SEK1 (or MKK4) and MKK3/MAPKK6 (or MKK6), which in turn activated stress-activated protein kinase (SAPK, also known as JNK; c-Jun amino-terminal kinase) and p38 subgroups of MAP kinases, respectively.	0.3864	SIGNOR-45366
MAP3K5	protein	Q99683	UNIPROT	MAP2K4	protein	P45985	UNIPROT	up-regulates activity	phosphorylation	Thr261	LVDSIAKtRDAGCRP	9606									8974401	YES		lperfetto	A map kinase kinase kinase (mapkkk), termed ask1, was identified that activated two different subs of map kinase kinases (mapkk), sek1 (or mkk4) and mkk3/mapkk6 (or mkk6), which in turn activated stress-activated protein kinase (sapk, also known as jnk;c-jun amino-terminal kinase)	0.3864	SIGNOR-45373
MAP3K5	protein	Q99683	UNIPROT	MAP2K6	protein	P52564	UNIPROT	up-regulates activity	phosphorylation			9606	BTO:0000298								8974401	YES		lperfetto	A MAP kinase kinase kinase (MAPKKK), termed ASK1, was identified that activated two different subgroups of MAP kinase kinases (MAPKK), SEK1 (or MKK4) and MKK3/MAPKK6 (or MKK6), which in turn activated stress-activated protein kinase (SAPK, also known as JNK; c-Jun amino-terminal kinase) and p38 subgroups of MAP kinases, respectively.	0.303	SIGNOR-45353
MAP3K5	protein	Q99683	UNIPROT	MAP3K5	protein	Q99683	UNIPROT	up-regulates activity	phosphorylation	Thr813	GDNVLINtYSGVLKI	9606									17937911	YES		lperfetto	Reporter gene assays showed that all three identified in vitro autophosphorylation sites (thr813, thr838, thr842) regulate ask1 signalingmutation of thr838 drastically reduced reporter gene activity when compared to unstimulated control levels. Interestingly, mutation of the other two sites also provided a significant reduction in ask1 function (figure 6a), suggesting that autophosphorylation at the residues thr842 and thr813 regulates ask1 signaling.	0.1364	SIGNOR-158423
MAP3K5	protein	Q99683	UNIPROT	MAP3K5	protein	Q99683	UNIPROT	up-regulates activity	phosphorylation	Thr838	GINPCTEtFTGTLQY	9606									17937911	YES		lperfetto	Reporter gene assays showed that all three identified in vitro autophosphorylation sites (thr813, thr838, thr842) regulate ask1 signalingmutation of thr838 drastically reduced reporter gene activity when compared to unstimulated control levels. Interestingly, mutation of the other two sites also provided a significant reduction in ask1 function (figure 6a), suggesting that autophosphorylation at the residues thr842 and thr813 regulates ask1 signaling.	0.1364	SIGNOR-158427
MAP3K5	protein	Q99683	UNIPROT	MAP3K5	protein	Q99683	UNIPROT	up-regulates activity	phosphorylation	Thr842	CTETFTGtLQYMAPE	9606									17937911	YES		lperfetto	Reporter gene assays showed that all three identified in vitro autophosphorylation sites (thr813, thr838, thr842) regulate ask1 signalingmutation of thr838 drastically reduced reporter gene activity when compared to unstimulated control levels. Interestingly, mutation of the other two sites also provided a significant reduction in ask1 function (figure 6a), suggesting that autophosphorylation at the residues thr842 and thr813 regulates ask1 signaling.	0.1364	SIGNOR-158431
MAP3K5	protein	Q99683	UNIPROT	MAP2K3	protein	P46734	UNIPROT	up-regulates activity	phosphorylation			9534	BTO:0004055								8974401	YES		lperfetto	ASK1 activated SEK1 and MKK3 up to 7.0- and 11.8-fold, respectively	0.5039	SIGNOR-226672
ADAM17	protein	P78536	UNIPROT	TNF	protein	P01375	UNIPROT	up-regulates quantity	cleavage			9606	BTO:0000782								9034190	YES		lperfetto	We have now purified and cloned a metalloproteinase that specifically cleaves precursor TNF-alpha. [...]This enzyme (called the tnf-alpha-converting enzyme, or tace) is a new member of the family of mammalian adamalysins (or adams), for which no physiological catalytic function has previously been identified.	0.4668	SIGNOR-46754