"1","2","3"
"RAR","RPS6KB1","MAPK3"
"RAR","CDKN1B","MAPK3"
"RAR","ESR1","MAPK3"
"RAR","RCAN1","MAPK3"
"RAR","LCK","RPS6KA2"
"RAR","MAPKAPK2","RPS6KA2"
"RAR","GRIP1","RPS6KA2"
"RAR","RCAN1","RPS6KA2"
"RAR","RPS6K","CSNK2A1"
"RAR","LCK","CSNK2A1"
"RAR","RPS6KB1","CSNK2A1"
"RAR","CDKN1B","CSNK2A1"
"RAR","ESR1","CSNK2A1"
"RAR","LRP6","CSNK2A1"
"RAR","MAPK3","RPS6K"
"RAR","RPS6KB1","RPS6K"
"RAR","MAPKAPK2","RPS6K"
"RAR","GRIP1","RPS6K"
"RAR","RCAN1","RPS6K"
"RAR","CSNK2A1","LCK"
"RAR","RPS6K","LCK"
"RAR","RPS6KB1","LCK"
"RAR","LRP6","LCK"
"RAR","MAPK3","RPS6KB1"
"RAR","CSNK2A1","RPS6KB1"
"RAR","LCK","RPS6KB1"
"RAR","MAPKAPK2","RPS6KB1"
"RAR","ESR1","RPS6KB1"
"RAR","RCAN1","RPS6KB1"
"RAR","MAPK3","SP1"
"RAR","CDKN1B","SP1"
"RAR","ESR1","SP1"
"RAR","RCAN1","SP1"
"RAR","LRP6","SP1"
"RAR","MAPK3","CDK2"
"RAR","LCK","CDK2"
"RAR","GRIP1","CDK2"
"RAR","RPS6KA1","RPS6KA5"
"RAR","GRIP1","RPS6KA5"
"RAR","RCAN1","RPS6KA5"
"RAR","CSNK2A1","RPS6KA1"
"RAR","CDKN1B","RPS6KA1"
"RAR","RPS6K","MAPKAPK2"
"RAR","RPS6KB1","MAPKAPK2"
"RAR","RPS6KA1","MAPKAPK2"
"RAR","CDKN1B","MAPKAPK2"
"RAR","GRIP1","MAPKAPK2"
"RAR","ESR1","MAPKAPK2"
"RAR","RCAN1","MAPKAPK2"
"RAR","LRP6","MAPKAPK2"
"RAR","LCK","RXRB"
"RAR","MAPKAPK2","RXRB"
"RAR","ESR1","RXRB"
"RAR","RCAN1","RXRB"
"RAR","MAPK3","RPS6KA3"
"RAR","CSNK2A1","RPS6KA3"
"RAR","RPS6KA1","RPS6KA3"
"RAR","MAPKAPK2","RPS6KA3"
"RAR","CDKN1B","RPS6KA3"
"RAR","GRIP1","RPS6KA3"
"RAR","RCAN1","RPS6KA3"
"RAR","RPS6K","RARA"
"RAR","RPS6KB1","RARA"
"RAR","RPS6KA1","RARA"
"RAR","MAPKAPK2","RARA"
"RAR","CDKN1B","RARA"
"RAR","LRP6","RARA"
"RAR","RPS6K","NCOR2"
"RAR","RCAN1","NCOR2"
"RAR","LRP6","NCOR2"
"RAR","CSNK2A1","MCL1"
"RAR","LCK","MCL1"
"RAR","RPS6KA1","MCL1"
"RAR","MAPKAPK2","MCL1"
"RAR","CDKN1B","MCL1"
"RAR","ESR1","MCL1"
"RAR","RCAN1","MCL1"
"RAR","LRP6","MCL1"
"RAR","MAPK3","YAP1"
"RAR","RPS6K","YAP1"
"RAR","RPS6KB1","YAP1"
"RAR","ESR1","YAP1"
"RAR","MAPK3","NR2F2"
"RAR","ERK1/2","NR2F2"
"RAR","RPS6KA1","NR2F2"
"RAR","MAPKAPK2","NR2F2"
"RAR","GRIP1","NR2F2"
"RAR","ESR1","NR2F2"
"RAR","RCAN1","NR2F2"
"RAR","MAPK3","PML"
"RAR","CSNK2A1","PML"
"RAR","RPS6K","PML"
"RAR","RPS6KB1","PML"
"RAR","RPS6KA1","PML"
"RAR","MAPKAPK2","PML"
"RAR","CDKN1B","PML"
"RAR","ESR1","PML"
"RAR","RCAN1","PML"
"RAR","MAPK3","PTPN7"
"RAR","LCK","PTPN7"
"RAR","MAPK3","RARG"
"RAR","ERK1/2","RARG"
"RAR","CDKN1B","RARG"
"RAR","ESR1","RARG"
"RAR","RPS6K","MKNK1"
"RAR","RPS6KA1","MKNK1"
"RAR","MAPKAPK2","MKNK1"
"RAR","CDKN1B","MKNK1"
"RAR","GRIP1","MKNK1"
"RAR","RCAN1","MKNK1"
"RAR","MAPK3","PTPRR"
"RAR","RPS6K","PTPRR"
"RAR","LCK","PTPRR"
"RAR","RPS6KB1","PTPRR"
"RAR","MAPKAPK2","PTPRR"
"RAR","ESR1","PTPRR"
"RAR","MAPK3","CDCA5"
"RAR","CSNK2A1","CDCA5"
"RAR","LCK","CDCA5"
"RAR","RPS6KB1","CDCA5"
"RAR","MAPKAPK2","CDCA5"
"RAR","CDKN1B","CDCA5"
"RAR","GRIP1","CDCA5"
"RAR","ESR1","CDCA5"
"RAR","RCAN1","CDCA5"
"RAR","LRP6","CDCA5"
"RAR","CSNK2A1","CDKN1B"
"RAR","RPS6KB1","CDKN1B"
"RAR","RCAN1","CDKN1B"
"RAR","MAPK3","GTF2I"
"RAR","RPS6K","GTF2I"
"RAR","LCK","GTF2I"
"RAR","MAPKAPK2","GTF2I"
"RAR","CDKN1B","GTF2I"
"RAR","GRIP1","GTF2I"
"RAR","LRP6","GTF2I"
"RAR","ESR1","RXR"
"RAR","RPS6KB1","ASB2"
"RAR","GRIP1","ASB2"
"RAR","ESR1","ASB2"
"RAR","RCAN1","ASB2"
"RAR","LRP6","ASB2"
"RAR","MAPK3","CTTN"
"RAR","RPS6K","CTTN"
"RAR","LCK","CTTN"
"RAR","RPS6KB1","CTTN"
"RAR","RPS6KA1","CTTN"
"RAR","MAPKAPK2","CTTN"
"RAR","CDKN1B","CTTN"
"RAR","GRIP1","CTTN"
"RAR","CSNK2A1","SMAD2"
"RAR","RPS6KB1","SMAD2"
"RAR","ESR1","SMAD2"
"RAR","LRP6","SMAD2"
"RAR","MAPK3","SPI1"
"RAR","CSNK2A1","SPI1"
"RAR","ERK1/2","SPI1"
"RAR","LCK","SPI1"
"RAR","RPS6KB1","SPI1"
"RAR","RPS6KA1","SPI1"
"RAR","MAPKAPK2","SPI1"
"RAR","CDKN1B","SPI1"
"RAR","GRIP1","SPI1"
"RAR","RCAN1","SPI1"
"RAR","CSNK2A1","THR"
"RAR","ERK1/2","THR"
"RAR","GRIP1","THR"
"RAR","ESR1","THR"
"RAR","RCAN1","THR"
"RAR","LRP6","THR"
"RAR","CSNK2A1","BCL2"
"RAR","RPS6KB1","BCL2"
"RAR","CSNK2A1","RARB"
"RAR","LCK","RARB"
"RAR","RPS6KA1","RARB"
"RAR","ESR1","RARB"
"RAR","LRP6","RARB"
"RAR","RPS6K","JUN"
"RAR","LCK","JUN"
"RAR","RPS6KB1","JUN"
"RAR","MAPKAPK2","JUN"
"RAR","MAPK3","NR2F1"
"RAR","CSNK2A1","NR2F1"
"RAR","RPS6K","NR2F1"
"RAR","ERK1/2","NR2F1"
"RAR","LCK","NR2F1"
"RAR","RPS6KB1","NR2F1"
"RAR","MAPKAPK2","NR2F1"
"RAR","LRP6","NR2F1"
"RAR","MAPK3","MYC"
"RAR","LCK","MYC"
"RAR","RPS6KB1","MYC"
"RAR","RPS6KA1","MYC"
"RAR","MAPKAPK2","MYC"
"RAR","GRIP1","MYC"
"RAR","ESR1","MYC"
"RAR","CSNK2A1","GAB1"
"RAR","RPS6K","GAB1"
"RAR","RPS6KB1","GAB1"
"RAR","RCAN1","GAB1"
"RAR","LRP6","GAB1"
"RAR","MAPK3","GRIP1"
"RAR","CSNK2A1","GRIP1"
"RAR","CDKN1B","GRIP1"
"RAR","RCAN1","GRIP1"
"RAR","CSNK2A1","KLF1"
"RAR","RPS6K","KLF1"
"RAR","ERK1/2","KLF1"
"RAR","LCK","KLF1"
"RAR","RPS6KB1","KLF1"
"RAR","RPS6KA1","KLF1"
"RAR","CDKN1B","KLF1"
"RAR","GRIP1","KLF1"
"RAR","ESR1","KLF1"
"RAR","RCAN1","KLF1"
"RAR","LRP6","KLF1"
"RAR","MAPK3","ESR1"
"RAR","CSNK2A1","ESR1"
"RAR","RPS6K","ESR1"
"RAR","LCK","ESR1"
"RAR","RPS6KB1","ESR1"
"RAR","MAPKAPK2","ESR1"
"RAR","CDKN1B","ESR1"
"RAR","GRIP1","ESR1"
"RAR","RCAN1","ESR1"
"RAR","LRP6","ESR1"
"RAR","MAPK3","ARRB2"
"RAR","CSNK2A1","ARRB2"
"RAR","RPS6K","ARRB2"
"RAR","LCK","ARRB2"
"RAR","RPS6KA1","ARRB2"
"RAR","MAPKAPK2","ARRB2"
"RAR","GRIP1","ARRB2"
"RAR","RPS6K","GAB2"
"RAR","LCK","GAB2"
"RAR","RPS6KB1","GAB2"
"RAR","MAPKAPK2","GAB2"
"RAR","CDKN1B","GAB2"
"RAR","LRP6","GAB2"
"RAR","MAPK3","CAD"
"RAR","LCK","CAD"
"RAR","RPS6KA1","CAD"
"RAR","GRIP1","CAD"
"RAR","CSNK2A1","THRA"
"RAR","ERK1/2","THRA"
"RAR","LCK","THRA"
"RAR","MAPKAPK2","THRA"
"RAR","RCAN1","THRA"
"RAR","LRP6","THRA"
"RAR","CSNK2A1","PPARG"
"RAR","RPS6K","PPARG"
"RAR","LCK","PPARG"
"RAR","RPS6KB1","PPARG"
"RAR","RPS6KA1","PPARG"
"RAR","ESR1","PPARG"
"RAR","RCAN1","PPARG"
"RAR","LRP6","PPARG"
"RAR","MAPK3","GRB10"
"RAR","CSNK2A1","GRB10"
"RAR","RPS6K","GRB10"
"RAR","RPS6KB1","GRB10"
"RAR","RPS6KA1","GRB10"
"RAR","MAPKAPK2","GRB10"
"RAR","CDKN1B","GRB10"
"RAR","GRIP1","GRB10"
"RAR","ESR1","GRB10"
"RAR","RCAN1","GRB10"
"RAR","MAPK3","TCF3"
"RAR","CSNK2A1","TCF3"
"RAR","ERK1/2","TCF3"
"RAR","LCK","TCF3"
"RAR","GRIP1","TCF3"
"RAR","RCAN1","TCF3"
"RAR","CSNK2A1","NCOA1"
"RAR","RPS6KB1","NCOA1"
"RAR","MAPKAPK2","NCOA1"
"RAR","GRIP1","NCOA1"
"RAR","RPS6K","RCAN1"
"RAR","MAPK3","BAG3"
"RAR","LCK","BAG3"
"RAR","MAPKAPK2","BAG3"
"RAR","ESR1","BAG3"
"RAR","LRP6","BAG3"
"RAR","MAPKAPK2","THRB"
"RAR","GRIP1","THRB"
"RAR","ESR1","THRB"
"RAR","RCAN1","THRB"
"RAR","CSNK2A1","ABI1"
"RAR","LCK","ABI1"
"RAR","RPS6KA1","ABI1"
"RAR","CDKN1B","ABI1"
"RAR","GRIP1","ABI1"
"RAR","RCAN1","ABI1"
"RAR","LRP6","ABI1"
"RAR","MAPK3","PCBP2"
"RAR","CSNK2A1","PCBP2"
"RAR","RPS6K","PCBP2"
"RAR","CDKN1B","PCBP2"
"RAR","RCAN1","PCBP2"
"RAR","CSNK2A1","AP1"
"RAR","LCK","AP1"
"RAR","MAPKAPK2","AP1"
"RAR","ESR1","AP1"
"RAR","MAPKAPK2","E2F1"
"RAR","ESR1","E2F1"
"RAR","RCAN1","E2F1"
"RAR","LCK","PARP1"
"RAR","RPS6KA1","PARP1"
"RAR","MAPKAPK2","PARP1"
"RAR","GRIP1","PARP1"
"RAR","ESR1","PARP1"
"RAR","RCAN1","PARP1"
"RAR","LRP6","PARP1"
"RAR","CSNK2A1","LRP6"
"RAR","RPS6KB1","LRP6"
"RAR","ESR1","LRP6"
"RAR","RCAN1","LRP6"
"RAR","RPS6K","DNM1L"
"RAR","RPS6KB1","DNM1L"
"RAR","LCK","FOS"
"RAR","RPS6KB1","FOS"
"RAR","CSNK2A1","MKNK2"
"RAR","RPS6KB1","MKNK2"
"RAR","GRIP1","MKNK2"
"RAR","ESR1","MKNK2"
"RAR","MAPK3","PTTG1"
"RAR","CSNK2A1","PTTG1"
"RAR","RPS6K","PTTG1"
"RAR","LCK","PTTG1"
"RAR","RPS6KB1","PTTG1"
"RAR","MAPKAPK2","PTTG1"
"RAR","GRIP1","PTTG1"
"RAR","RCAN1","PTTG1"
"RAR","RPS6K","CEBPB"
"RAR","MAPKAPK2","CEBPB"
"RAR","GRIP1","CEBPB"
"RAR","ESR1","CEBPB"
"RAR","RPS6KA1","PLCB1"
"RAR","CSNK2A1","NCF1"
"RAR","RPS6KB1","NCF1"
"RAR","RCAN1","NCF1"
"RAR","CSNK2A1","ATF2"
"RAR","MAPKAPK2","ATF2"
"RAR","GRIP1","ATF2"
"RAR","LRP6","ATF2"
"RAR","RPS6K","ARHGEF2"
"RAR","RPS6KB1","ARHGEF2"
"RAR","RPS6KA1","ARHGEF2"
"RAR","CDKN1B","ARHGEF2"
"RAR","LRP6","ARHGEF2"
"RAR","CSNK2A1","STAT5A"
"RAR","RPS6K","STAT5A"
"RAR","LCK","STAT5A"
"RAR","CSNK2A1","PPARA"
"RAR","RPS6K","PPARA"
"RAR","ERK1/2","PPARA"
"RAR","RPS6KB1","PPARA"
"RAR","MAPKAPK2","PPARA"
"RAR","GRIP1","PPARA"
"RAR","ESR1","PPARA"
"RAR","RCAN1","PPARA"
"RAR","CSNK2A1","SREBF1"
"RAR","RPS6K","SREBF1"
"RAR","CDKN1B","SREBF1"
"RAR","RCAN1","SREBF1"
"RAR","MAPK3","ELK1"
"RAR","RPS6K","ELK1"
"RAR","LCK","ELK1"
"RAR","RPS6KA1","ELK1"
"RAR","GRIP1","ELK1"
"RAR","ESR1","ELK1"
"RAR","RCAN1","ELK1"
"RAR","LRP6","ELK1"
"RAR","MAPK3","IRX2"
"RAR","RPS6K","IRX2"
"RAR","RPS6KA1","IRX2"
"RAR","RCAN1","IRX2"
"RAR","LCK","SREBF2"
"RAR","ESR1","SREBF2"
"RAR","RCAN1","SREBF2"
"RAR","LRP6","SREBF2"
"RAR","MAPK3","TEAD4"
"RAR","CSNK2A1","TEAD4"
"RAR","LCK","TEAD4"
"RAR","RPS6KA1","TEAD4"
"RAR","MAPKAPK2","TEAD4"
"RAR","CDKN1B","TEAD4"
"RAR","ESR1","TEAD4"
"RAR","RCAN1","TEAD4"
"RAR","LRP6","TEAD4"
"RAR","MAPK3","SRF"
"RAR","RPS6K","SRF"
"RAR","ERK1/2","SRF"
"RAR","LCK","SRF"
"RAR","RPS6KA1","SRF"
"RAR","RCAN1","SRF"
"RAR","MAPK3","TP73"
"RAR","RPS6K","TP73"
"RAR","ERK1/2","TP73"
"RAR","LCK","TP73"
"RAR","RPS6KA1","TP73"
"RAR","CSNK2A1","METTL3"
"RAR","ESR1","METTL3"
"RAR","MAPK3","NFATC4"
"RAR","RPS6K","NFATC4"
"RAR","RPS6KB1","NFATC4"
"RAR","CDKN1B","NFATC4"
"RAR","MAPK3","SPHK2"
"RAR","RPS6KB1","SPHK2"
"RAR","CDKN1B","SPHK2"
"RAR","RCAN1","SPHK2"
"RAR","MAPK3","RPTOR"
"RAR","RPS6K","RPTOR"
"RAR","RPS6KA1","RPTOR"
"RAR","GRIP1","RPTOR"
"RAR","RCAN1","RPTOR"
"RAR","ERK1/2","TEAD3"
"RAR","RPS6KA1","TEAD3"
"RAR","LRP6","TEAD3"
"RAR","RPS6K","HNRNPK"
"RAR","CSNK2A1","PAPOLA"
"RAR","RPS6KB1","PAPOLA"
"RAR","CDKN1B","PAPOLA"
"RAR","ESR1","PAPOLA"
"RAR","MAPK3","LIPE"
"RAR","LCK","LIPE"
"RAR","RPS6KA1","LIPE"
"RAR","RCAN1","LIPE"
"RAR","CSNK2A1","IL16"
"RAR","LCK","IL16"
"RAR","RPS6KB1","IL16"
"RAR","CDKN1B","IL16"
"RAR","ESR1","IL16"
"RAR","RCAN1","IL16"
"RAR","LRP6","IL16"
"RAR","RPS6K","JUND"
"RAR","CDKN1B","JUND"
"RAR","RCAN1","JUND"
"RAR","RPS6KB1","ALOX5"
"RAR","CDKN1B","ALOX5"
"RAR","RCAN1","ALOX5"
"RAR","CSNK2A1","MED1"
"RAR","LCK","MED1"
"RAR","MAPKAPK2","MED1"
"RAR","LRP6","MED1"
"RAR","LCK","TWIST1"
"RAR","GRIP1","TWIST1"
"RAR","ESR1","TWIST1"
"RAR","RCAN1","TWIST1"
"RAR","CSNK2A1","HIF1A"
"RAR","RPS6K","HIF1A"
"RAR","RPS6KB1","HIF1A"
"RAR","RPS6KA1","HIF1A"
"RAR","MAPKAPK2","HIF1A"
"RAR","ESR1","HIF1A"
"RAR","LRP6","HIF1A"
"RAR","RPS6KA1","SP3"
"RAR","MAPKAPK2","SP3"
"RAR","LRP6","SP3"
"RAR","RPS6K","CAPN2"
"RAR","RPS6KA1","CAPN2"
"RAR","LRP6","CAPN2"
"RAR","MAPK3","HDAC6"
"RAR","RPS6K","HDAC6"
"RAR","LCK","HDAC6"
"RAR","RPS6KB1","HDAC6"
"RAR","RPS6KA1","HDAC6"
"RAR","CDKN1B","HDAC6"
"RAR","GRIP1","HDAC6"
"RAR","RCAN1","HDAC6"
"RAR","LRP6","HDAC6"
"RAR","MAPK3","CACNA1B"
"RAR","RPS6K","CACNA1B"
"RAR","LCK","CACNA1B"
"RAR","RPS6KB1","CACNA1B"
"RAR","RPS6KA1","CACNA1B"
"RAR","CDKN1B","CACNA1B"
"RAR","GRIP1","CACNA1B"
"RAR","ESR1","CACNA1B"
"RAR","RCAN1","CACNA1B"
"RAR","MAPK3","PLA2G4A"
"RAR","CSNK2A1","PLA2G4A"
"RAR","RPS6KA1","PLA2G4A"
"RAR","MAPKAPK2","PLA2G4A"
"RAR","CDKN1B","PLA2G4A"
"RAR","ESR1","PLA2G4A"
"RAR","LRP6","PLA2G4A"
"RAR","MAPK3","TH"
"RAR","CSNK2A1","TH"
"RAR","LCK","TH"
"RAR","RPS6KB1","TH"
"RAR","MAPKAPK2","TH"
"RAR","CDKN1B","TH"
"RAR","GRIP1","TH"
"RAR","ESR1","TH"
"RAR","RPS6KB1","SPHK1"
"RAR","RPS6KA1","SPHK1"
"RAR","MAPKAPK2","SPHK1"
"RAR","CDKN1B","SPHK1"
"RAR","GRIP1","SPHK1"
"RAR","LRP6","SPHK1"
"RAR","MAPK3","TEAD2"
"RAR","RPS6K","TEAD2"
"RAR","ERK1/2","TEAD2"
"RAR","LCK","TEAD2"
"RAR","MAPKAPK2","TEAD2"
"RAR","RPS6KB1","MARS1"
"RAR","RPS6KA1","MARS1"
"RAR","MAPKAPK2","MARS1"
"RAR","CDKN1B","MARS1"
"RAR","GRIP1","MARS1"
"RAR","LRP6","MARS1"
"RAR","MAPK3","IRF8"
"RAR","RPS6K","IRF8"
"RAR","ERK1/2","IRF8"
"RAR","LCK","IRF8"
"RAR","RPS6KA1","IRF8"
"RAR","MAPKAPK2","IRF8"
"RAR","GRIP1","IRF8"
"RAR","ESR1","IRF8"
"RAR","RCAN1","IRF8"
"RAR","CSNK2A1","ADAM17"
"RAR","LCK","ADAM17"
"RAR","MAPKAPK2","ADAM17"
"RAR","GRIP1","ADAM17"
"RAR","LRP6","ADAM17"
"RAR","MAPK3","DHPS"
"RAR","RPS6K","DHPS"
"RAR","LCK","DHPS"
"RAR","RPS6KB1","DHPS"
"RAR","RPS6KA1","DHPS"
"RAR","MAPKAPK2","DHPS"
"RAR","CDKN1B","DHPS"
"RAR","GRIP1","DHPS"
"RAR","ESR1","DHPS"
"RAR","RCAN1","DHPS"
"RAR","LRP6","DHPS"
"RAR","MAPK3","PPARD"
"RAR","CSNK2A1","PPARD"
"RAR","RPS6K","PPARD"
"RAR","ERK1/2","PPARD"
"RAR","LCK","PPARD"
"RAR","RPS6KB1","PPARD"
"RAR","RPS6KA1","PPARD"
"RAR","MAPKAPK2","PPARD"
"RAR","CDKN1B","PPARD"
"RAR","GRIP1","PPARD"
"RAR","ESR1","PPARD"
"RAR","RCAN1","PPARD"
"RAR","LRP6","PPARD"
"RAR","MAPK3","RXRG"
"RAR","CSNK2A1","RXRG"
"RAR","RPS6K","RXRG"
"RAR","ERK1/2","RXRG"
"RAR","LCK","RXRG"
"RAR","RPS6KB1","RXRG"
"RAR","RPS6KA1","RXRG"
"RAR","MAPKAPK2","RXRG"
"RAR","CDKN1B","RXRG"
"RAR","GRIP1","RXRG"
"RAR","ESR1","RXRG"
"RAR","RCAN1","RXRG"
"RAR","LRP6","RXRG"
"RAR","MAPK3","NR4A2"
"RAR","CSNK2A1","NR4A2"
"RAR","RPS6K","NR4A2"
"RAR","ERK1/2","NR4A2"
"RAR","LCK","NR4A2"
"RAR","RPS6KB1","NR4A2"
"RAR","RPS6KA1","NR4A2"
"RAR","MAPKAPK2","NR4A2"
"RAR","CDKN1B","NR4A2"
"RAR","GRIP1","NR4A2"
"RAR","ESR1","NR4A2"
"RAR","RCAN1","NR4A2"
"RAR","LRP6","NR4A2"
"RAR","MAPK3","NRIP1"
"RAR","CSNK2A1","NRIP1"
"RAR","RPS6K","NRIP1"
"RAR","ERK1/2","NRIP1"
"RAR","LCK","NRIP1"
"RAR","RPS6KB1","NRIP1"
"RAR","RPS6KA1","NRIP1"
"RAR","MAPKAPK2","NRIP1"
"RAR","CDKN1B","NRIP1"
"RAR","GRIP1","NRIP1"
"RAR","ESR1","NRIP1"
"RAR","RCAN1","NRIP1"
"RAR","LRP6","NRIP1"
"RAR","MAPK3","TEAD1"
"RAR","CSNK2A1","TEAD1"
"RAR","RPS6K","TEAD1"
"RAR","ERK1/2","TEAD1"
"RAR","LCK","TEAD1"
"RAR","RPS6KB1","TEAD1"
"RAR","RPS6KA1","TEAD1"
"RAR","MAPKAPK2","TEAD1"
"RAR","CDKN1B","TEAD1"
"RAR","GRIP1","TEAD1"
"RAR","ESR1","TEAD1"
"RAR","RCAN1","TEAD1"
"RAR","LRP6","TEAD1"
"RAR","MAPK3","CACNB1"
"RAR","CSNK2A1","CACNB1"
"RAR","RPS6K","CACNB1"
"RAR","LCK","CACNB1"
"RAR","RPS6KB1","CACNB1"
"RAR","RPS6KA1","CACNB1"
"RAR","MAPKAPK2","CACNB1"
"RAR","CDKN1B","CACNB1"
"RAR","GRIP1","CACNB1"
"RAR","ESR1","CACNB1"
"RAR","RCAN1","CACNB1"
"RAR","LRP6","CACNB1"
"RAR","MAPK3","MFN1"
"RAR","CSNK2A1","MFN1"
"RAR","RPS6K","MFN1"
"RAR","LCK","MFN1"
"RAR","RPS6KB1","MFN1"
"RAR","RPS6KA1","MFN1"
"RAR","MAPKAPK2","MFN1"
"RAR","CDKN1B","MFN1"
"RAR","GRIP1","MFN1"
"RAR","ESR1","MFN1"
"RAR","RCAN1","MFN1"
"RAR","LRP6","MFN1"
"RAR","MAPK3","ARHGAP31"
"RAR","CSNK2A1","ARHGAP31"
"RAR","RPS6K","ARHGAP31"
"RAR","LCK","ARHGAP31"
"RAR","RPS6KB1","ARHGAP31"
"RAR","RPS6KA1","ARHGAP31"
"RAR","MAPKAPK2","ARHGAP31"
"RAR","CDKN1B","ARHGAP31"
"RAR","GRIP1","ARHGAP31"
"RAR","ESR1","ARHGAP31"
"RAR","RCAN1","ARHGAP31"
"RAR","LRP6","ARHGAP31"
"RAR","MAPK3","HECTD3"
"RAR","CSNK2A1","HECTD3"
"RAR","RPS6K","HECTD3"
"RAR","LCK","HECTD3"
"RAR","RPS6KB1","HECTD3"
"RAR","RPS6KA1","HECTD3"
"RAR","MAPKAPK2","HECTD3"
"RAR","CDKN1B","HECTD3"
"RAR","GRIP1","HECTD3"
"RAR","ESR1","HECTD3"
"RAR","RCAN1","HECTD3"
"RAR","LRP6","HECTD3"
"RAR","MAPK3","DIAPH1"
"RAR","CSNK2A1","DIAPH1"
"RAR","RPS6K","DIAPH1"
"RAR","LCK","DIAPH1"
"RAR","RPS6KB1","DIAPH1"
"RAR","RPS6KA1","DIAPH1"
"RAR","MAPKAPK2","DIAPH1"
"RAR","CDKN1B","DIAPH1"
"RAR","GRIP1","DIAPH1"
"RAR","ESR1","DIAPH1"
"RAR","RCAN1","DIAPH1"
"RAR","LRP6","DIAPH1"
"RAR","MAPK3","NR1H2"
"RAR","CSNK2A1","NR1H2"
"RAR","RPS6K","NR1H2"
"RAR","ERK1/2","NR1H2"
"RAR","LCK","NR1H2"
"RAR","RPS6KB1","NR1H2"
"RAR","RPS6KA1","NR1H2"
"RAR","MAPKAPK2","NR1H2"
"RAR","CDKN1B","NR1H2"
"RAR","GRIP1","NR1H2"
"RAR","ESR1","NR1H2"
"RAR","RCAN1","NR1H2"
"RAR","LRP6","NR1H2"
